{
"type": "FeatureCollection",
"name": "onshore-og-licences",
"crs": { "type": "name", "properties": { "name": "urn:ogc:def:crs:OGC:1.3:CRS84" } },
"features": [
{ "type": "Feature", "properties": { "licence_no": "PL162", "licence_orgs": "SCOTTISH POWER UK " }, "geometry": { "type": "MultiPolygon", "coordinates": [ [ [ [ -0.944604672997208, 53.563955159127872 ], [ -0.88422451553211, 53.563407283412673 ], [ -0.884697189594773, 53.545434046044392 ], [ -0.794169170329407, 53.544555672274448 ], [ -0.748906997378211, 53.544090794277743 ], [ -0.749436627582322, 53.52611837556136 ], [ -0.643874658047973, 53.524967811788379 ], [ -0.645021430570057, 53.489024299846371 ], [ -0.795698950294598, 53.490637333460135 ], [ -0.946390187383234, 53.492060438469487 ], [ -0.944604672997208, 53.563955159127872 ] ] ] ] } },
{ "type": "Feature", "properties": { "licence_no": "PL211", "licence_orgs": "SERVATEC HOLDINGS, STAR ENERGY  " }, "geometry": { "type": "MultiPolygon", "coordinates": [ [ [ [ -1.069504216866748, 50.921749616568398 ], [ -1.005492780922974, 50.92122209423016 ], [ -0.93437130310801, 50.920594810219264 ], [ -0.935089324109174, 50.889126908018262 ], [ -1.006162888206513, 50.88975349295648 ], [ -1.027485443436322, 50.889933031800346 ], [ -1.027110883531593, 50.907915225791548 ], [ -1.069773060367807, 50.908262842797733 ], [ -1.069504216866748, 50.921749616568398 ] ] ] ] } },
{ "type": "Feature", "properties": { "licence_no": "PL116", "licence_orgs": "EP UK INVESTMENTS" }, "geometry": { "type": "MultiPolygon", "coordinates": [ [ [ [ -1.07015170517592, 51.245479575910167 ], [ -0.998529851971989, 51.244888860492139 ], [ -0.855293878804786, 51.24357599144475 ], [ -0.856852950518211, 51.180645184322806 ], [ -0.999893878268805, 51.181955122141055 ], [ -1.071418190432865, 51.182544518616162 ], [ -1.07015170517592, 51.245479575910167 ] ] ] ] } },
{ "type": "Feature", "properties": { "licence_no": "PL90", "licence_orgs": "HEYCO ENERGY, TETRA ENERGIES, UNITED OIL & GAS " }, "geometry": { "type": "MultiPolygon", "coordinates": [ [ [ [ -2.42556514042901, 50.634936024632388 ], [ -2.425680552749308, 50.647705438242305 ], [ -2.383249751756415, 50.64785279798852 ], [ -2.367431291682466, 50.650781482654914 ], [ -2.363332318058602, 50.669499366333888 ], [ -2.425923028255872, 50.674503129529917 ], [ -2.426234392776862, 50.708854349823355 ], [ -2.426528382121159, 50.741227039819343 ], [ -2.284809621705223, 50.741659590360264 ], [ -2.191273624459253, 50.741850730248345 ], [ -2.191141682077801, 50.709477326242336 ], [ -2.190781910767337, 50.620899169455498 ], [ -2.195424716197703, 50.622073874972152 ], [ -2.198504336735259, 50.622660815669889 ], [ -2.201891405143068, 50.622464002447721 ], [ -2.204508189090667, 50.621679650702411 ], [ -2.205894068355898, 50.621973060230772 ], [ -2.208511491251171, 50.622070144130568 ], [ -2.209896451562721, 50.621286084255004 ], [ -2.21343694690961, 50.6206971048586 ], [ -2.218055421047691, 50.620499349680884 ], [ -2.221287612417985, 50.61971437060587 ], [ -2.22170466879542, 50.619495437781588 ], [ -2.223441018290389, 50.61804829716624 ], [ -2.221746179982452, 50.616775775936432 ], [ -2.224208576089814, 50.616186959000871 ], [ -2.226056094144354, 50.616381968775784 ], [ -2.226826281870226, 50.616773370330677 ], [ -2.228211636062199, 50.616674732829622 ], [ -2.22898047293021, 50.615988714440263 ], [ -2.234214136497475, 50.615790016406045 ], [ -2.238293851816477, 50.61603253156116 ], [ -2.242604136021251, 50.616029888874721 ], [ -2.246145504791466, 50.616517326866798 ], [ -2.24430026676176, 50.617791811305629 ], [ -2.245225506633011, 50.61877065795003 ], [ -2.247997372799057, 50.619258535590426 ], [ -2.24938089792404, 50.618082252975391 ], [ -2.248301150523311, 50.616809713665646 ], [ -2.253690804455364, 50.617785358451442 ], [ -2.258617335937008, 50.617977558534761 ], [ -2.261696770158148, 50.618268976614161 ], [ -2.263714865253741, 50.619407832335384 ], [ -2.264933179935788, 50.620029338181567 ], [ -2.269092920438795, 50.621494976890261 ], [ -2.273249657668137, 50.621491315926171 ], [ -2.276481774754288, 50.621096599226242 ], [ -2.279101008088942, 50.6219756261413 ], [ -2.284088746288595, 50.622525373628086 ], [ -2.286646200111237, 50.622555876846249 ], [ -2.291880660510491, 50.622550445862451 ], [ -2.301816381575263, 50.624547285231223 ], [ -2.311364545816027, 50.625417413181985 ], [ -2.318292189905512, 50.62521281646454 ], [ -2.323986770109089, 50.624617696908771 ], [ -2.327994321650596, 50.62598342232787 ], [ -2.332312758528764, 50.628132080873932 ], [ -2.33416695330657, 50.629990292467937 ], [ -2.335710884051216, 50.631163346296859 ], [ -2.340332734308779, 50.631842159114008 ], [ -2.344874948769008, 50.631786369527873 ], [ -2.349028231964862, 50.630702652030408 ], [ -2.355034033910321, 50.630889024248162 ], [ -2.361347399426022, 50.630976634114468 ], [ -2.367661604150267, 50.631259768906979 ], [ -2.375214562278468, 50.633107348374367 ], [ -2.378917997428868, 50.634863539760076 ], [ -2.383541612620383, 50.635736475837007 ], [ -2.390626437352741, 50.636016905218781 ], [ -2.393784834991232, 50.636353582154001 ], [ -2.399173956649936, 50.636245032909251 ], [ -2.405019061296585, 50.634960091022712 ], [ -2.407784751163185, 50.633779194144466 ], [ -2.408548635308654, 50.63260239921437 ], [ -2.41070579873742, 50.632891716953139 ], [ -2.412561667292355, 50.634454774391536 ], [ -2.415644888760886, 50.635133780083407 ], [ -2.418570030716666, 50.635029564761531 ], [ -2.42073052336787, 50.635906294169658 ], [ -2.425565131319517, 50.634935016376254 ], [ -2.42556514042901, 50.634936024632388 ] ] ] ] } },
{ "type": "Feature", "properties": { "licence_no": "PL161", "licence_orgs": "HEYCO ENERGY, INFINIS ENERGY, SCOTTISH POWER UK " }, "geometry": { "type": "MultiPolygon", "coordinates": [ [ [ [ -1.175226002046375, 53.583744281358918 ], [ -1.174350253629106, 53.628680842263243 ], [ -1.101778397780555, 53.628158429663912 ], [ -1.12473572100605, 53.614845651240266 ], [ -1.125385526629441, 53.583390426385023 ], [ -1.175226002046375, 53.583744281358918 ] ] ], [ [ [ -0.976529929982446, 53.492322264752453 ], [ -0.975663641936295, 53.528270080743845 ], [ -1.020912387764715, 53.528649066182219 ], [ -1.019666993610002, 53.582571106571613 ], [ -0.944157088921022, 53.58192869688709 ], [ -0.946390187383234, 53.492060438469487 ], [ -0.976529929982446, 53.492322264752453 ] ] ] ] } },
{ "type": "Feature", "properties": { "licence_no": "PL259", "licence_orgs": "PERENCO OIL & GAS" }, "geometry": { "type": "MultiPolygon", "coordinates": [ [ [ [ -1.960285033497762, 50.718620449869242 ], [ -1.859711856958395, 50.718543047978258 ], [ -1.85475403810661, 50.718536988794249 ], [ -1.8556891519371, 50.718474921062089 ], [ -1.856836622071678, 50.718466228485298 ], [ -1.859713009147207, 50.718156364159903 ], [ -1.8605494286863, 50.718006157781915 ], [ -1.861995109164077, 50.717654614828838 ], [ -1.865140899457748, 50.717290030128581 ], [ -1.868073907612254, 50.716951488104797 ], [ -1.870086470062953, 50.716569559611877 ], [ -1.87190062971319, 50.71612687189117 ], [ -1.871844203556371, 50.716022718359561 ], [ -1.873162413436466, 50.715671180397045 ], [ -1.873800081488919, 50.715627774030821 ], [ -1.875203310839964, 50.715315289419181 ], [ -1.876477852291143, 50.715306593722971 ], [ -1.878150152467375, 50.715028824269787 ], [ -1.879595833450397, 50.71461652315223 ], [ -1.881097933073466, 50.71435611796457 ], [ -1.88333644676065, 50.714143432671847 ], [ -1.884640267786658, 50.713865670376798 ], [ -1.885589325322384, 50.713839619847732 ], [ -1.886482226747156, 50.71350978322787 ], [ -1.887573272218081, 50.713340516434371 ], [ -1.889543240104474, 50.712784995508379 ], [ -1.891145014481332, 50.712264203103345 ], [ -1.892973140344675, 50.711834536731573 ], [ -1.894447153492545, 50.711313745343368 ], [ -1.895383042154561, 50.710810314925027 ], [ -1.89699851025261, 50.710424055701033 ], [ -1.898302473426914, 50.710050812672094 ], [ -1.899776051753717, 50.709591594211851 ], [ -1.901349648212126, 50.709009225326284 ], [ -1.902596643802831, 50.708588252100803 ], [ -1.903985889016388, 50.707902544907014 ], [ -1.90598393917277, 50.707320989800287 ], [ -1.907628289093483, 50.706557163888256 ], [ -1.909385739454844, 50.705793336996457 ], [ -1.91334003215487, 50.703953218373158 ], [ -1.915933292111931, 50.702924651469814 ], [ -1.917407571624701, 50.702034977604328 ], [ -1.918342923197597, 50.701657406784321 ], [ -1.922240779900955, 50.699322548608698 ], [ -1.922949238153603, 50.698988379734274 ], [ -1.923445590412618, 50.698584769596479 ], [ -1.925684738989205, 50.697282804927852 ], [ -1.926705771948125, 50.696232566489151 ], [ -1.928123089171318, 50.695321192478268 ], [ -1.928364344559557, 50.694982685819106 ], [ -1.931100096681042, 50.692769363352724 ], [ -1.932644883259064, 50.691584581207586 ], [ -1.934232388372737, 50.690091679134035 ], [ -1.935748964124997, 50.688841797587898 ], [ -1.937817774372991, 50.687413982161331 ], [ -1.939135408278278, 50.686550348473347 ], [ -1.940864092751858, 50.685157258326129 ], [ -1.941926633749837, 50.684367405688043 ], [ -1.943583726063941, 50.683603577621376 ], [ -1.944843745895834, 50.683382231750286 ], [ -1.946259722169584, 50.682887477721714 ], [ -1.947188154727571, 50.682672455921406 ], [ -1.947793165913228, 50.682696756736071 ], [ -1.948832625030041, 50.683117649895266 ], [ -1.948813509955537, 50.683309840693155 ], [ -1.949040261952418, 50.683442078135698 ], [ -1.949304958485504, 50.68345420505144 ], [ -1.949323685510534, 50.683622388075939 ], [ -1.95004172238119, 50.684055143045072 ], [ -1.95111259082162, 50.684804432635922 ], [ -1.957743321569707, 50.709626881361693 ], [ -1.9571768195448, 50.709626675958944 ], [ -1.958026253428096, 50.709986690419306 ], [ -1.960285033497762, 50.718620449869242 ] ] ] ] } },
{ "type": "Feature", "properties": { "licence_no": "EXL250", "licence_orgs": "VELOX POWER" }, "geometry": { "type": "MultiPolygon", "coordinates": [ [ [ [ -1.089376065216029, 53.85277429185939 ], [ -1.08918098051649, 53.861761021695692 ], [ -1.073978102166267, 53.861644709564779 ], [ -1.074176442924109, 53.852658017794177 ], [ -1.089376065216029, 53.85277429185939 ] ] ] ] } },
{ "type": "Feature", "properties": { "licence_no": "PL178", "licence_orgs": "STAR ENERGY  " }, "geometry": { "type": "MultiPolygon", "coordinates": [ [ [ [ -0.873422855836977, 53.401505184041028 ], [ -0.873335027766163, 53.404830305077311 ], [ -0.869756739890074, 53.403627918893015 ], [ -0.863751085194677, 53.403211370798601 ], [ -0.855122467458858, 53.401331153336088 ], [ -0.843414156480514, 53.398791286464991 ], [ -0.843591984892933, 53.392230972271378 ], [ -0.873660141558447, 53.392518360600931 ], [ -0.873422855836977, 53.401505184041028 ] ] ] ] } },
{ "type": "Feature", "properties": { "licence_no": "PEDL255", "licence_orgs": "HUTTON ENERGY, INFINIS ENERGY" }, "geometry": { "type": "MultiPolygon", "coordinates": [ [ [ [ -1.097563874056507, 52.993682416442901 ], [ -1.082667561551241, 52.993568457245551 ], [ -1.082857926829856, 52.984580428591897 ], [ -1.097751148185828, 52.984694350833799 ], [ -1.097563874056507, 52.993682416442901 ] ] ] ] } },
{ "type": "Feature", "properties": { "licence_no": "PL205", "licence_orgs": "STAR ENERGY  " }, "geometry": { "type": "MultiPolygon", "coordinates": [ [ [ [ -0.525265598762803, 50.904903638169742 ], [ -0.524441361672924, 50.930972844848988 ], [ -0.436107330927139, 50.929823232177633 ], [ -0.436980872106676, 50.903755087027967 ], [ -0.525265598762803, 50.904903638169742 ] ] ] ] } },
{ "type": "Feature", "properties": { "licence_no": "PL182", "licence_orgs": "STAR ENERGY  " }, "geometry": { "type": "MultiPolygon", "coordinates": [ [ [ [ -0.080760796830619, 51.264553943120973 ], [ 0.005451871554479, 51.269313745351944 ], [ 0.106047272623558, 51.274651521214572 ], [ 0.104019782878457, 51.230261802322154 ], [ 0.003829927174604, 51.232020429019698 ], [ -0.082054960262066, 51.233459592486398 ], [ -0.080760796830619, 51.264553943120973 ] ] ] ] } },
{ "type": "Feature", "properties": { "licence_no": "PL215", "licence_orgs": "BRITNRG, ONSHORE OILFIELD SERVICES " }, "geometry": { "type": "MultiPolygon", "coordinates": [ [ [ [ -0.952908225182615, 53.226940772980782 ], [ -0.952798607977195, 53.231434430036543 ], [ -0.967776777474012, 53.231565053898436 ], [ -0.967560591301167, 53.240552399785386 ], [ -0.982542013141598, 53.240681183670119 ], [ -0.982367227140841, 53.248050831006204 ], [ -0.981765731867478, 53.248135588102471 ], [ -0.985219464071393, 53.254187781946662 ], [ -0.952250080973059, 53.253902661802471 ], [ -0.952359845206156, 53.249409022583983 ], [ -0.937375518931506, 53.249276430713259 ], [ -0.937486822947134, 53.244782809483794 ], [ -0.922504185228046, 53.244648356474336 ], [ -0.922878707274651, 53.229729580927618 ], [ -0.931883041893214, 53.229091454769467 ], [ -0.931042597831412, 53.226746714344486 ], [ -0.952908225182615, 53.226940772980782 ] ] ], [ [ [ -0.683764364580037, 53.210788532858331 ], [ -0.683488897825188, 53.219774996349337 ], [ -0.6833511090823, 53.224268222607407 ], [ -0.675864049290765, 53.22418528519173 ], [ -0.676002621162965, 53.219692072412478 ], [ -0.67627965354711, 53.210705635870887 ], [ -0.683764364580037, 53.210788532858331 ] ] ] ] } },
{ "type": "Feature", "properties": { "licence_no": "PEDL57", "licence_orgs": "INFINIS ENERGY" }, "geometry": { "type": "MultiPolygon", "coordinates": [ [ [ [ -2.180112826945966, 52.966224955053548 ], [ -2.180187700770348, 52.984203270044404 ], [ -2.165292814790422, 52.984224942541537 ], [ -2.165224121164023, 52.966246613499621 ], [ -2.180112826945966, 52.966224955053548 ] ] ] ] } },
{ "type": "Feature", "properties": { "licence_no": "PEDL137", "licence_orgs": "UK OIL & GAS " }, "geometry": { "type": "MultiPolygon", "coordinates": [ [ [ [ -0.28304820115152, 51.221293309446466 ], [ -0.270166971289374, 51.221103606311736 ], [ -0.269931093543259, 51.22739505800984 ], [ -0.279951180479118, 51.227542760370596 ], [ -0.279817135021017, 51.231137891082277 ], [ -0.282680255448634, 51.231179939623964 ], [ -0.282479469816553, 51.236572639104999 ], [ -0.139315424467512, 51.234384038187279 ], [ -0.142931694265707, 51.144511960470808 ], [ -0.285817804652748, 51.146693587492535 ], [ -0.28304820115152, 51.221293309446466 ] ] ] ] } },
{ "type": "Feature", "properties": { "licence_no": "PEDL43", "licence_orgs": "HEYCO ENERGY, INFINIS ENERGY" }, "geometry": { "type": "MultiPolygon", "coordinates": [ [ [ [ -1.219148234136437, 53.413254543739846 ], [ -1.218983619552776, 53.422242238564358 ], [ -1.234029864384088, 53.422339648170862 ], [ -1.233868334482596, 53.431327360770055 ], [ -1.248917839594537, 53.431422906237181 ], [ -1.247806952930048, 53.494336722028855 ], [ -1.217663507176689, 53.494143294393282 ], [ -1.217994068786269, 53.476168114214275 ], [ -1.127604136047035, 53.475542635630333 ], [ -1.128891714093276, 53.412630490310754 ], [ -1.219148234136437, 53.413254543739846 ] ] ] ] } },
{ "type": "Feature", "properties": { "licence_no": "PL213", "licence_orgs": "INFINIS ENERGY" }, "geometry": { "type": "MultiPolygon", "coordinates": [ [ [ [ -1.409801280472234, 53.225583400409256 ], [ -1.409554086809344, 53.24356006172782 ], [ -1.402062068848913, 53.243522736114421 ], [ -1.379586116537717, 53.243407934469083 ], [ -1.379845860176378, 53.225431372075327 ], [ -1.379910752579855, 53.220937222808345 ], [ -1.402374940921657, 53.221051931157248 ], [ -1.409863037500972, 53.221089226438274 ], [ -1.409801280472234, 53.225583400409256 ] ] ] ] } },
{ "type": "Feature", "properties": { "licence_no": "AL10", "licence_orgs": "INFINIS ENERGY" }, "geometry": { "type": "MultiPolygon", "coordinates": [ [ [ [ -2.135446656335311, 52.966284336314821 ], [ -2.135474815401613, 52.975273519919092 ], [ -2.120582970338421, 52.975289589488732 ], [ -2.120557900582183, 52.966300400674257 ], [ -2.135446656335311, 52.966284336314821 ] ] ] ] } },
{ "type": "Feature", "properties": { "licence_no": "PEDL11", "licence_orgs": "HEYCO ENERGY, INFINIS ENERGY" }, "geometry": { "type": "MultiPolygon", "coordinates": [ [ [ [ -1.306775390582076, 53.575590033242136 ], [ -1.306628386990137, 53.58457765930482 ], [ -1.291524337336275, 53.584489208609654 ], [ -1.291674543747662, 53.575501611408612 ], [ -1.306775390582076, 53.575590033242136 ] ] ], [ [ [ -1.389960737446487, 53.567054497025211 ], [ -1.389831420198658, 53.576042284519382 ], [ -1.374730158332968, 53.575964345483932 ], [ -1.374862676971597, 53.566976583420285 ], [ -1.389960737446487, 53.567054497025211 ] ] ], [ [ [ -1.363842481527002, 53.546694426419471 ], [ -1.378933291791076, 53.546773710842295 ], [ -1.378801733369078, 53.555761510416673 ], [ -1.363707725635955, 53.555682200122526 ], [ -1.363842481527002, 53.546694426419471 ] ] ], [ [ [ -1.307399271312335, 53.537392467700037 ], [ -1.307252604564193, 53.546380152726627 ], [ -1.292162154955008, 53.546291824610634 ], [ -1.292312017192524, 53.537304168392303 ], [ -1.307399271312335, 53.537392467700037 ] ] ], [ [ [ -1.311862896265963, 53.494722518014015 ], [ -1.326935093623453, 53.494808305227806 ], [ -1.326792786320078, 53.503796091253086 ], [ -1.311717401582324, 53.503710276061511 ], [ -1.311862896265963, 53.494722518014015 ] ] ], [ [ [ -1.217663507176689, 53.494143294393282 ], [ -1.232735186344583, 53.494240958316688 ], [ -1.232572958875437, 53.503228559316348 ], [ -1.217498092703079, 53.503130863543049 ], [ -1.217663507176689, 53.494143294393282 ] ] ] ] } },
{ "type": "Feature", "properties": { "licence_no": "PEDL6", "licence_orgs": "STAR ENERGY  " }, "geometry": { "type": "MultiPolygon", "coordinates": [ [ [ [ -0.470042961840076, 53.325102083323827 ], [ -0.468916857716086, 53.356551115921697 ], [ -0.408841924458836, 53.355765322862958 ], [ -0.410012176464975, 53.324317184763451 ], [ -0.470042961840076, 53.325102083323827 ] ] ] ] } },
{ "type": "Feature", "properties": { "licence_no": "PL220", "licence_orgs": "STAR ENERGY  " }, "geometry": { "type": "MultiPolygon", "coordinates": [ [ [ [ -0.903646253318636, 52.808481936215856 ], [ -0.933310709010481, 52.808752203638043 ], [ -0.932870580921769, 52.826727969131547 ], [ -0.903193888210825, 52.826457526637682 ], [ -0.903646253318636, 52.808481936215856 ] ] ], [ [ [ -1.163397601452601, 52.801606904848555 ], [ -1.162879833987708, 52.828572365293894 ], [ -1.118360003721694, 52.828250162302695 ], [ -1.118905307371513, 52.801285014690983 ], [ -1.163397601452601, 52.801606904848555 ] ] ] ] } },
{ "type": "Feature", "properties": { "licence_no": "EXL141", "licence_orgs": "BRITNRG " }, "geometry": { "type": "MultiPolygon", "coordinates": [ [ [ [ -0.75008205796792, 53.247460165548262 ], [ -0.749951107552013, 53.251953487877138 ], [ -0.764935389626183, 53.252109640076931 ], [ -0.764547037307933, 53.265589661452573 ], [ -0.742063602314511, 53.265354612455667 ], [ -0.742327248835533, 53.256368011592549 ], [ -0.727341608689197, 53.256209009287758 ], [ -0.72760825222483, 53.247222445575233 ], [ -0.75008205796792, 53.247460165548262 ] ] ] ] } },
{ "type": "Feature", "properties": { "licence_no": "PEDL70", "licence_orgs": "HEYCO ENERGY, SERVATEC HOLDINGS, STAR ENERGY, TETRA ENERGIES" }, "geometry": { "type": "MultiPolygon", "coordinates": [ [ [ [ -1.269817801016847, 51.031082706742659 ], [ -1.269407900189734, 51.057157875985382 ], [ -1.287955251205425, 51.05727229272032 ], [ -1.287803563427784, 51.067162883054948 ], [ -1.223588045789443, 51.066754144730567 ], [ -1.223768441154985, 51.055964565395556 ], [ -1.202368583957367, 51.055820536206092 ], [ -1.202800667375421, 51.030644899889481 ], [ -1.269817801016847, 51.031082706742659 ] ] ] ] } },
{ "type": "Feature", "properties": { "licence_no": "PEDL37", "licence_orgs": "HEYCO ENERGY, INFINIS ENERGY" }, "geometry": { "type": "MultiPolygon", "coordinates": [ [ [ [ -1.35484452818853, 53.741244161259885 ], [ -1.370004921942199, 53.741324775253794 ], [ -1.369870520218919, 53.750312265509656 ], [ -1.354706891372357, 53.75023162515496 ], [ -1.35484452818853, 53.741244161259885 ] ] ], [ [ [ -1.324761571747298, 53.726247925291297 ], [ -1.33991648075449, 53.726332328674125 ], [ -1.339775734770256, 53.735319788389653 ], [ -1.324617593670571, 53.735235357411476 ], [ -1.324761571747298, 53.726247925291297 ] ] ], [ [ [ -1.441534815019134, 53.720916553980338 ], [ -1.456688133233237, 53.720986185387609 ], [ -1.456572317543879, 53.729973845673889 ], [ -1.441415767996383, 53.729904191501866 ], [ -1.441534815019134, 53.720916553980338 ] ] ], [ [ [ -1.308614360436199, 53.694247482570077 ], [ -1.323757724004615, 53.694333893676863 ], [ -1.323613699850805, 53.703321372133992 ], [ -1.308467110458328, 53.703234932785669 ], [ -1.308614360436199, 53.694247482570077 ] ] ], [ [ [ -1.386923256563706, 53.672652392898421 ], [ -1.386890647358794, 53.674899299885681 ], [ -1.386792793274001, 53.681640015673374 ], [ -1.371653792362548, 53.681561585695498 ], [ -1.371754062945113, 53.674820889123446 ], [ -1.371787477431493, 53.672573988540059 ], [ -1.386923256563706, 53.672652392898421 ] ] ], [ [ [ -1.336922416253244, 53.656476752814932 ], [ -1.352052326908321, 53.656559546744546 ], [ -1.351914521189763, 53.665547133594494 ], [ -1.336781391963028, 53.665464312616301 ], [ -1.336922416253244, 53.656476752814932 ] ] ], [ [ [ -1.396428414714639, 53.64303921465396 ], [ -1.403386031057825, 53.643074072855569 ], [ -1.403259209488958, 53.652061767605524 ], [ -1.396300113738796, 53.652026898017326 ], [ -1.388130759218439, 53.651985448100703 ], [ -1.388260796875735, 53.642997778272722 ], [ -1.396428414714639, 53.64303921465396 ] ] ], [ [ [ -1.428801949070309, 53.597986547406506 ], [ -1.443911209230957, 53.598057680805553 ], [ -1.443793199641179, 53.60704550759791 ], [ -1.428680731997123, 53.606974350971711 ], [ -1.428801949070309, 53.597986547406506 ] ] ], [ [ [ -1.3366538321222, 53.596432806856818 ], [ -1.336513059582031, 53.605420456931697 ], [ -1.32140147952993, 53.605335755767364 ], [ -1.321545458985399, 53.596348133336875 ], [ -1.3366538321222, 53.596432806856818 ] ] ], [ [ [ -1.448820462967754, 53.569137730979584 ], [ -1.448703619006292, 53.578125608955524 ], [ -1.43360145400569, 53.578055098947424 ], [ -1.433721499897042, 53.569067243977791 ], [ -1.448820462967754, 53.569137730979584 ] ] ] ] } },
{ "type": "Feature", "properties": { "licence_no": "PEDL1", "licence_orgs": "HEYCO ENERGY, INFINIS ENERGY" }, "geometry": { "type": "MultiPolygon", "coordinates": [ [ [ [ -1.209434796796075, 53.271615658886127 ], [ -1.20926899080247, 53.280603547545979 ], [ -1.194272661894161, 53.280503204456465 ], [ -1.194441612649775, 53.271515348431954 ], [ -1.209434796796075, 53.271615658886127 ] ] ], [ [ [ -1.321082024060613, 53.237875630309844 ], [ -1.336063872857993, 53.23795998273674 ], [ -1.335924802725737, 53.246948174812303 ], [ -1.320939815124284, 53.246863794955146 ], [ -1.321082024060613, 53.237875630309844 ] ] ], [ [ [ -1.318489475950917, 53.231298881598264 ], [ -1.318346757911871, 53.240287051400685 ], [ -1.303364151948187, 53.240200469737871 ], [ -1.303510007502685, 53.231212328085626 ], [ -1.318489475950917, 53.231298881598264 ] ] ], [ [ [ -1.124424944435991, 53.219604361158098 ], [ -1.139399730245706, 53.219713402742585 ], [ -1.13931506797765, 53.223937674719636 ], [ -1.139219572170736, 53.228701211731348 ], [ -1.124241651547501, 53.228592134689613 ], [ -1.12433880901482, 53.223828616472055 ], [ -1.124424944435991, 53.219604361158098 ] ] ], [ [ [ -1.184039833061943, 53.20348734814911 ], [ -1.183869122857238, 53.212475284320014 ], [ -1.168896688298229, 53.21237183968455 ], [ -1.169070530428921, 53.203383937135627 ], [ -1.184039833061943, 53.20348734814911 ] ] ], [ [ [ -1.217427497284969, 53.195171579035396 ], [ -1.217263823522747, 53.204159600960303 ], [ -1.202294163600736, 53.204060362508564 ], [ -1.20246096784014, 53.195072372835732 ], [ -1.217427497284969, 53.195171579035396 ] ] ], [ [ [ -1.104122752343984, 53.158956304301661 ], [ -1.119076343207475, 53.159067810730299 ], [ -1.118892335582254, 53.168055663319116 ], [ -1.103935621284005, 53.167944120653843 ], [ -1.104122752343984, 53.158956304301661 ] ] ], [ [ [ -1.191067749702569, 53.148251988612238 ], [ -1.1908988494859, 53.157240024323251 ], [ -1.17594561310128, 53.157137537075343 ], [ -1.17611763497584, 53.14814953465612 ], [ -1.191067749702569, 53.148251988612238 ] ] ], [ [ [ -1.156039061412805, 53.142705344324902 ], [ -1.155862881045678, 53.151693309130955 ], [ -1.140911705645272, 53.151586431264995 ], [ -1.141091006528082, 53.142598501174561 ], [ -1.156039061412805, 53.142705344324902 ] ] ], [ [ [ -1.119591040913626, 53.133901748478095 ], [ -1.119407308831447, 53.14288964054326 ], [ -1.10445933594117, 53.142778199302136 ], [ -1.104646186782981, 53.133790343431173 ], [ -1.119591040913626, 53.133901748478095 ] ] ], [ [ [ -1.227196789970445, 53.134648500347247 ], [ -1.242142400719636, 53.134744526046326 ], [ -1.241984245018547, 53.143732691926658 ], [ -1.227035514966836, 53.143636635028642 ], [ -1.227196789970445, 53.134648500347247 ] ] ] ] } },
{ "type": "Feature", "properties": { "licence_no": "EXL294", "licence_orgs": "BRITNRG, HEYCO ENERGY, UNION JACK OIL " }, "geometry": { "type": "MultiPolygon", "coordinates": [ [ [ [ -0.42958707953317, 53.240972288013843 ], [ -0.437076258077326, 53.241070715506915 ], [ -0.436912553341145, 53.245563439548228 ], [ -0.429422591012693, 53.245464996054615 ], [ -0.42958707953317, 53.240972288013843 ] ] ], [ [ [ -0.465760479199404, 53.235150546185928 ], [ -0.483732447512764, 53.235380510952744 ], [ -0.483255963813949, 53.248858980056873 ], [ -0.465278352240127, 53.248628903121173 ], [ -0.465760479199404, 53.235150546185928 ] ] ], [ [ [ -0.398367830257071, 53.234264054050222 ], [ -0.425324461585373, 53.234623221660833 ], [ -0.424829638272725, 53.248101321389257 ], [ -0.397864543479422, 53.247741978595428 ], [ -0.398367830257071, 53.234264054050222 ] ] ] ] } },
{ "type": "Feature", "properties": { "licence_no": "PEDL21", "licence_orgs": "STAR ENERGY  " }, "geometry": { "type": "MultiPolygon", "coordinates": [ [ [ [ -1.572392889012354, 51.158470821306437 ], [ -1.571977008104298, 51.20342935197349 ], [ -1.428848889303948, 51.202818626081026 ], [ -1.429403908312714, 51.157861069626655 ], [ -1.572392889012354, 51.158470821306437 ] ] ] ] } },
{ "type": "Feature", "properties": { "licence_no": "PEDL90", "licence_orgs": "BRITNRG, INFINIS ENERGY" }, "geometry": { "type": "MultiPolygon", "coordinates": [ [ [ [ -0.967127871049741, 53.258527048803899 ], [ -0.96691133680351, 53.267514351937244 ], [ -0.951920611607636, 53.267383558055563 ], [ -0.952140287302609, 53.258396297453821 ], [ -0.967127871049741, 53.258527048803899 ] ] ] ] } },
{ "type": "Feature", "properties": { "licence_no": "PEDL68", "licence_orgs": "DESS EXPLORATION CONSULTING, HEYCO ENERGY, MONTROSE INDUSTRIES" }, "geometry": { "type": "MultiPolygon", "coordinates": [ [ [ [ -1.197158175291577, 54.572552245799912 ], [ -1.196274204969787, 54.617481618905963 ], [ -1.159113540598628, 54.617229335549567 ], [ -1.159121323180905, 54.613095348560527 ], [ -1.164776921758391, 54.61063608305129 ], [ -1.164794026935445, 54.609800405487171 ], [ -1.167318063360411, 54.607508113778941 ], [ -1.167686854919746, 54.60460783087283 ], [ -1.174984377291795, 54.599714885683511 ], [ -1.187607853876251, 54.593086901375351 ], [ -1.191788977887513, 54.58905273108153 ], [ -1.196770332100314, 54.584412607585783 ], [ -1.196786235872373, 54.583603877376945 ], [ -1.187542686175661, 54.588583946984762 ], [ -1.170481055247252, 54.598138346992059 ], [ -1.163095619686335, 54.602559466097638 ], [ -1.15704273939919, 54.605400300172455 ], [ -1.151996370408582, 54.61021629618822 ], [ -1.150344088492428, 54.614901792606268 ], [ -1.150597637026074, 54.617169914611999 ], [ -1.080149116823529, 54.616655373203777 ], [ -1.081160806808108, 54.571727362882974 ], [ -1.197158175291577, 54.572552245799912 ] ] ] ] } },
{ "type": "Feature", "properties": { "licence_no": "PEDL244", "licence_orgs": "A J LUCAS, ANGUS ENERGY, CUADRILLA RESOURCES" }, "geometry": { "type": "MultiPolygon", "coordinates": [ [ [ [ -0.289138996946626, 51.056812989310544 ], [ -0.232093034263396, 51.055963988235291 ], [ -0.232777281403942, 51.037988224206103 ], [ -0.265993371262723, 51.038485833996468 ], [ -0.266999178865361, 51.011521595552125 ], [ -0.148321323938932, 51.009700893724961 ], [ -0.077092189914895, 51.008550174619579 ], [ -0.075976303765508, 51.035511570292954 ], [ -0.147246719874476, 51.036663390252357 ], [ -0.190011190932563, 51.037333628312744 ], [ -0.189310404581115, 51.055308974824193 ], [ -0.146529396500795, 51.054638309281522 ], [ -0.003938238279732, 51.052289732677842 ], [ -0.007792468611186, 50.962421981227294 ], [ -0.150108656328954, 50.964763084909684 ], [ -0.292443162273672, 50.966930844658151 ], [ -0.289138996946626, 51.056812989310544 ] ] ] ] } },
{ "type": "Feature", "properties": { "licence_no": "PEDL164", "licence_orgs": "AURORA PETROLEUM" }, "geometry": { "type": "MultiPolygon", "coordinates": [ [ [ [ -3.05878685817549, 53.581898032912058 ], [ -2.907764497937028, 53.583139580883014 ], [ -2.905843437011091, 53.493267377803207 ], [ -3.056546422743105, 53.49202987266149 ], [ -3.05878685817549, 53.581898032912058 ] ] ] ] } },
{ "type": "Feature", "properties": { "licence_no": "PEDL241", "licence_orgs": "HEYCO ENERGY, UNION JACK OIL " }, "geometry": { "type": "MultiPolygon", "coordinates": [ [ [ [ -0.434099211334118, 53.486447052142992 ], [ -0.433436991908024, 53.50441715665233 ], [ -0.418366035199236, 53.504218699968973 ], [ -0.418031472433191, 53.513203664992311 ], [ -0.357736725529428, 53.512390579705965 ], [ -0.35877807215793, 53.485436434218904 ], [ -0.359124813822866, 53.476451688746849 ], [ -0.434430053545448, 53.47746197736376 ], [ -0.434099211334118, 53.486447052142992 ] ] ] ] } },
{ "type": "Feature", "properties": { "licence_no": "PEDL297", "licence_orgs": "RIGON ENERGY" }, "geometry": { "type": "MultiPolygon", "coordinates": [ [ [ [ -2.225199968216511, 53.047050554879036 ], [ -2.150617233466858, 53.047168514379827 ], [ -2.150460490606835, 53.002223036238668 ], [ -2.224965746185002, 53.002105267937885 ], [ -2.225199968216511, 53.047050554879036 ] ] ] ] } },
{ "type": "Feature", "properties": { "licence_no": "PEDL279", "licence_orgs": "INFINIS ENERGY" }, "geometry": { "type": "MultiPolygon", "coordinates": [ [ [ [ -1.242998179796676, 53.763959633177613 ], [ -1.091321099996293, 53.762906221387986 ], [ -1.09325562103098, 53.673036746356445 ], [ -1.244609778748279, 53.674086720871927 ], [ -1.242998179796676, 53.763959633177613 ] ] ] ] } },
{ "type": "Feature", "properties": { "licence_no": "PEDL310", "licence_orgs": "INFINIS ENERGY" }, "geometry": { "type": "MultiPolygon", "coordinates": [ [ [ [ -1.013744196083143, 53.187008072993308 ], [ -0.998781342116749, 53.186883297722588 ], [ -0.998990581464025, 53.177895783390873 ], [ -1.013950308845225, 53.1780205181201 ], [ -1.013744196083143, 53.187008072993308 ] ] ] ] } },
{ "type": "Feature", "properties": { "licence_no": "PEDL267", "licence_orgs": "AURORA PETROLEUM" }, "geometry": { "type": "MultiPolygon", "coordinates": [ [ [ [ -2.60827537887419, 53.764803514077606 ], [ -2.456582675453516, 53.765477526163139 ], [ -2.455609677288092, 53.675599659908208 ], [ -2.606979345031533, 53.674927847094217 ], [ -2.60827537887419, 53.764803514077606 ] ] ] ] } },
{ "type": "Feature", "properties": { "licence_no": "PEDL278", "licence_orgs": "HEYCO ENERGY, STAR ENERGY  " }, "geometry": { "type": "MultiPolygon", "coordinates": [ [ [ [ -1.244609778748279, 53.674086720871927 ], [ -1.09325562103098, 53.673036746356445 ], [ -1.093641270330505, 53.655062682707324 ], [ -1.199543127391502, 53.655817253697556 ], [ -1.200562685122337, 53.601893248529088 ], [ -1.245892794058502, 53.60218738953818 ], [ -1.244609778748279, 53.674086720871927 ] ] ] ] } },
{ "type": "Feature", "properties": { "licence_no": "PEDL343", "licence_orgs": "EUROPA OIL AND GAS, HEYCO ENERGY " }, "geometry": { "type": "MultiPolygon", "coordinates": [ [ [ [ -0.615592331067383, 54.387541813710385 ], [ -0.461660299328612, 54.385678857013744 ], [ -0.460875291688698, 54.385668853140359 ], [ -0.460802951230096, 54.385544793859374 ], [ -0.460629342791572, 54.385327764754251 ], [ -0.460423073682323, 54.38512020586225 ], [ -0.460329332009434, 54.384950025018952 ], [ -0.460245244459109, 54.384851890097089 ], [ -0.460055625953085, 54.384651742347238 ], [ -0.459854849928027, 54.38446132990078 ], [ -0.459547486351923, 54.384197634386709 ], [ -0.459055669983507, 54.383720381379021 ], [ -0.458254320189818, 54.382997411786583 ], [ -0.45811559280192, 54.382877886931929 ], [ -0.457723659480141, 54.38257088036714 ], [ -0.457419079610518, 54.382316220838753 ], [ -0.45723758148455, 54.382064041062684 ], [ -0.457009096430026, 54.38166923919534 ], [ -0.456884340564724, 54.381505858583033 ], [ -0.45674220312847, 54.381353922249332 ], [ -0.456676397900443, 54.381261411242555 ], [ -0.456639295828752, 54.381183648103246 ], [ -0.456605796554357, 54.381091532029913 ], [ -0.456589548653842, 54.380990648348494 ], [ -0.456547792118283, 54.380872379114635 ], [ -0.456451163068615, 54.380698571814747 ], [ -0.456323774606873, 54.380277197699236 ], [ -0.456291413837474, 54.380194991999986 ], [ -0.456239747674975, 54.380095470997482 ], [ -0.456165441336526, 54.379982160309915 ], [ -0.456091944494121, 54.37988955059155 ], [ -0.456025319138378, 54.379818582226498 ], [ -0.455879569499773, 54.379681896381122 ], [ -0.455735133060916, 54.379468819072237 ], [ -0.455595038425091, 54.379180314810299 ], [ -0.455426297243991, 54.378917500471871 ], [ -0.455127682601018, 54.378546065384846 ], [ -0.4549430875785, 54.378336976232198 ], [ -0.454874029808758, 54.378248898609996 ], [ -0.454695758978411, 54.377994068495205 ], [ -0.454674144844631, 54.377954226092761 ], [ -0.454678203458854, 54.377805991846266 ], [ -0.454558130078809, 54.377559078906003 ], [ -0.45450503227956, 54.377415478922835 ], [ -0.454350171337847, 54.377315534793887 ], [ -0.454279206695008, 54.377237310344654 ], [ -0.453918576740395, 54.376796777204689 ], [ -0.45378848691482, 54.376611753271384 ], [ -0.453616250051991, 54.376319221556699 ], [ -0.453528573813089, 54.376194970056339 ], [ -0.453356141995106, 54.375989638327979 ], [ -0.453252353618227, 54.37584270087298 ], [ -0.453133719182925, 54.375722519538783 ], [ -0.452992833916891, 54.375620065192706 ], [ -0.452496336292154, 54.375353028183831 ], [ -0.452435215688599, 54.375218330456804 ], [ -0.452400378239474, 54.375162166419152 ], [ -0.452339955892635, 54.37509037658134 ], [ -0.452249214598599, 54.375005623618684 ], [ -0.452147225457644, 54.374934217574172 ], [ -0.452011720942559, 54.374853384582465 ], [ -0.451521767466676, 54.374617004998136 ], [ -0.451363708699422, 54.374521500949349 ], [ -0.45127538471788, 54.37445564434249 ], [ -0.45118141909991, 54.374374435452189 ], [ -0.451077726515097, 54.374266164230249 ], [ -0.450892087535335, 54.374127153620499 ], [ -0.450636803044826, 54.373955799424003 ], [ -0.450299340143786, 54.373759121836862 ], [ -0.449956683939789, 54.373660347370603 ], [ -0.449613896821977, 54.373523820031586 ], [ -0.449560282420566, 54.373393702214237 ], [ -0.449515541037331, 54.373314930750887 ], [ -0.449451239113517, 54.373223324641451 ], [ -0.449371528402186, 54.373133318211508 ], [ -0.449179160488577, 54.372926816340616 ], [ -0.449053953555221, 54.372817350137517 ], [ -0.448835155406467, 54.372659053120593 ], [ -0.448810062590959, 54.37259042079188 ], [ -0.448754458677637, 54.372391068277658 ], [ -0.44861008241937, 54.372258884902315 ], [ -0.448637634660957, 54.372100139760107 ], [ -0.448491225319777, 54.371982311138979 ], [ -0.448245583571003, 54.37184162632434 ], [ -0.448232490963159, 54.371658099798296 ], [ -0.448111805990456, 54.371510940453746 ], [ -0.448045565958899, 54.371389647724818 ], [ -0.447942058452203, 54.371276881964413 ], [ -0.447978624963964, 54.371164083403826 ], [ -0.448053688771579, 54.371011369013743 ], [ -0.448034914355948, 54.370896079336092 ], [ -0.447914028990789, 54.370754310072321 ], [ -0.447829700204045, 54.370622879695027 ], [ -0.447757284652755, 54.370543751686739 ], [ -0.447629060291794, 54.37043335527099 ], [ -0.447651406894386, 54.370289841187564 ], [ -0.447584831586605, 54.370177523014561 ], [ -0.447562216161587, 54.370123294290543 ], [ -0.447548810661701, 54.370070990617776 ], [ -0.447563947139696, 54.369996601581704 ], [ -0.447645342562752, 54.37004168122737 ], [ -0.447692459902667, 54.370098903467287 ], [ -0.447729063090628, 54.370108380254273 ], [ -0.447764266978019, 54.370113326985674 ], [ -0.447792626552589, 54.370055259654094 ], [ -0.447732519595264, 54.370016736561446 ], [ -0.447673177060784, 54.369957541529452 ], [ -0.447647819437576, 54.369895206197612 ], [ -0.447656974710173, 54.369815320381164 ], [ -0.447620898864629, 54.369751058574131 ], [ -0.447498400343893, 54.369734203418218 ], [ -0.447177426510488, 54.369469400772907 ], [ -0.447089161591013, 54.369360416539408 ], [ -0.44704995991676, 54.369257456289454 ], [ -0.447228148168605, 54.369104235337694 ], [ -0.447145610926838, 54.369047456101846 ], [ -0.446969245152254, 54.368867221876094 ], [ -0.446834727481846, 54.368679445446922 ], [ -0.446835784286929, 54.368610241261372 ], [ -0.446849772965801, 54.368565471473538 ], [ -0.446892265832062, 54.368500413625611 ], [ -0.446831340498628, 54.368401667873684 ], [ -0.446820078452753, 54.368251402802187 ], [ -0.446800522647355, 54.3681981390517 ], [ -0.446772609289763, 54.368163615928047 ], [ -0.446678867046598, 54.36807791210363 ], [ -0.446541747814099, 54.367917974098752 ], [ -0.446459926642468, 54.367842310472021 ], [ -0.44629671654242, 54.367721557329403 ], [ -0.446301729778073, 54.367669490540798 ], [ -0.446290910071761, 54.367630711197819 ], [ -0.446266110983652, 54.367594448376146 ], [ -0.446234822455501, 54.367566173388546 ], [ -0.446198677463185, 54.367545035397498 ], [ -0.446147078928812, 54.367525505101582 ], [ -0.446061648623006, 54.36750552131285 ], [ -0.445929966519529, 54.367446301954914 ], [ -0.445888531388355, 54.367402616382414 ], [ -0.445875957841141, 54.367368308498037 ], [ -0.445874388346985, 54.367328749384392 ], [ -0.4458897126145, 54.367289389784595 ], [ -0.445934724933914, 54.367238736760115 ], [ -0.446005257164523, 54.367123697499892 ], [ -0.446036866500715, 54.367020740581843 ], [ -0.446035152087268, 54.366943429337837 ], [ -0.446020704685841, 54.366877620812694 ], [ -0.445980373593123, 54.366804297541229 ], [ -0.445871370904115, 54.366714810313525 ], [ -0.445969068531724, 54.366614492865665 ], [ -0.445999909666401, 54.366572645543862 ], [ -0.446021371470442, 54.366533382910788 ], [ -0.446022611000861, 54.366460594777912 ], [ -0.446120039135949, 54.366366574440406 ], [ -0.446215558238443, 54.366241969712284 ], [ -0.446224850647538, 54.366158499436651 ], [ -0.446090391560374, 54.366172947381045 ], [ -0.445995711109776, 54.366194198973957 ], [ -0.445897078086111, 54.366197423288092 ], [ -0.445847471264976, 54.366084423650442 ], [ -0.445979740997339, 54.366005242030546 ], [ -0.446020456955256, 54.36594644432072 ], [ -0.446060460575662, 54.365906512563527 ], [ -0.445931440977941, 54.365817675493723 ], [ -0.445886141390106, 54.365753267379915 ], [ -0.445652629311812, 54.365496785746359 ], [ -0.445493494050862, 54.365349137360866 ], [ -0.445407860211207, 54.365252751076952 ], [ -0.4453345830204, 54.36515564302875 ], [ -0.445283791019528, 54.365074095415643 ], [ -0.445240894698135, 54.364987265563656 ], [ -0.445205811790236, 54.364896923089582 ], [ -0.445177286481407, 54.364796787075839 ], [ -0.445137335811041, 54.364550895647916 ], [ -0.445196116002274, 54.364460863322385 ], [ -0.445047224516053, 54.364328626108311 ], [ -0.4450805908536, 54.364259838060804 ], [ -0.445134509812097, 54.364217407376309 ], [ -0.445288887384357, 54.364246360254164 ], [ -0.445335299738178, 54.364199320742529 ], [ -0.445249458011163, 54.364149670084771 ], [ -0.445091804406025, 54.364085621116196 ], [ -0.445058708743496, 54.36406453101624 ], [ -0.445033438417977, 54.364040827284015 ], [ -0.445007681384587, 54.363989262956252 ], [ -0.445008597311921, 54.363965015700238 ], [ -0.445019015498581, 54.363933691330004 ], [ -0.445040150695068, 54.363904284666958 ], [ -0.44508622291976, 54.363866247008389 ], [ -0.445120814367093, 54.36372467059833 ], [ -0.44513503286196, 54.363592727728332 ], [ -0.445195071191848, 54.363551256680317 ], [ -0.445239673021568, 54.363511384416107 ], [ -0.445280285707928, 54.363455282061388 ], [ -0.445302150835177, 54.363406128768759 ], [ -0.445306131739671, 54.363341474244216 ], [ -0.4452314781841, 54.36319939854301 ], [ -0.445101790790293, 54.363128510237395 ], [ -0.445029312996985, 54.363050287388113 ], [ -0.445010822633694, 54.362888262220736 ], [ -0.444978332279339, 54.362770089720065 ], [ -0.444904698948316, 54.362601062435054 ], [ -0.444909034131084, 54.362566972241225 ], [ -0.444917910496274, 54.362536526828336 ], [ -0.445045326234636, 54.362544441962839 ], [ -0.44511041543117, 54.362492268199937 ], [ -0.44504134372811, 54.362364645315203 ], [ -0.445008119685774, 54.362267127154418 ], [ -0.44498532291863, 54.362096067306915 ], [ -0.444952079046544, 54.362039013596203 ], [ -0.444899209890561, 54.361971829049516 ], [ -0.44481427455644, 54.361897912670145 ], [ -0.444811502995114, 54.361889796599883 ], [ -0.444847047621668, 54.361804857964231 ], [ -0.444882503657339, 54.361762189527582 ], [ -0.444992279274691, 54.36166742135461 ], [ -0.44502311759302, 54.361625574231127 ], [ -0.445041735376604, 54.36158088221547 ], [ -0.445046429366731, 54.361497352725891 ], [ -0.445010173650867, 54.361356652289913 ], [ -0.444951830360139, 54.361271429887964 ], [ -0.444929310442164, 54.361174957384193 ], [ -0.445017687580683, 54.361035880478973 ], [ -0.445073593483669, 54.360899980497194 ], [ -0.445117701181151, 54.360628207168922 ], [ -0.44511574853797, 54.360558065312823 ], [ -0.44508147958567, 54.360324839290634 ], [ -0.445149746997001, 54.360269102195858 ], [ -0.445248400118001, 54.360264971031825 ], [ -0.445283399576349, 54.360194406309105 ], [ -0.445290033809478, 54.360140580720739 ], [ -0.445322374991296, 54.360099651693773 ], [ -0.445362395190485, 54.360057922742882 ], [ -0.445506965229284, 54.359979780943561 ], [ -0.445542521072359, 54.3599344081615 ], [ -0.445588611313495, 54.359854998008679 ], [ -0.445602188021302, 54.359821907629531 ], [ -0.445559545970315, 54.359769227119415 ], [ -0.445545680719327, 54.359687265212393 ], [ -0.445640840300045, 54.359612981026551 ], [ -0.445637868266362, 54.359569817518839 ], [ -0.445657712921126, 54.359451411248891 ], [ -0.445606989180947, 54.35928628354889 ], [ -0.445634678661192, 54.359123954243309 ], [ -0.445292588732477, 54.358687226537278 ], [ -0.445057524994901, 54.35847296761937 ], [ -0.44491245899727, 54.358361443066563 ], [ -0.444697741036726, 54.358219368891532 ], [ -0.444667536230472, 54.358204580639935 ], [ -0.444609781911815, 54.358184970260375 ], [ -0.444556251018557, 54.358176182108508 ], [ -0.444490172854545, 54.358174449740233 ], [ -0.444363132927932, 54.358155726000206 ], [ -0.444313134476673, 54.358135316617251 ], [ -0.444207735985507, 54.358073728402225 ], [ -0.443961856991353, 54.35802291263478 ], [ -0.443716872651307, 54.357949664426215 ], [ -0.443661065840668, 54.357919265922931 ], [ -0.443576990364984, 54.357904708563176 ], [ -0.443200466793945, 54.357850408921145 ], [ -0.442699777757541, 54.357864622957038 ], [ -0.442618321974227, 54.357861783353698 ], [ -0.442509503799538, 54.357849593466007 ], [ -0.442399465880396, 54.357830188210706 ], [ -0.442292813186298, 54.357801847353095 ], [ -0.441926839500116, 54.357753090749796 ], [ -0.441647274215915, 54.357780041527867 ], [ -0.44155638630583, 54.357782454361569 ], [ -0.441453479744256, 54.357777539374851 ], [ -0.441361548050347, 54.357766465306014 ], [ -0.441241037326823, 54.357737944564256 ], [ -0.441130603200682, 54.357687973223747 ], [ -0.441037983312128, 54.357654437549179 ], [ -0.440939019615782, 54.357627093611519 ], [ -0.440845822725765, 54.357608803273536 ], [ -0.440750898671176, 54.357595892446916 ], [ -0.440641893026773, 54.357589091352061 ], [ -0.440394025557222, 54.357592180639017 ], [ -0.440287960195269, 54.35758901248704 ], [ -0.440064307026045, 54.357561854177369 ], [ -0.43992701384284, 54.357529528935878 ], [ -0.439645756749342, 54.357438690069898 ], [ -0.439417294842998, 54.357376432459837 ], [ -0.439259991734819, 54.357343838750637 ], [ -0.439004259782588, 54.357310852780166 ], [ -0.438675058430487, 54.357023467177711 ], [ -0.437928001440676, 54.356554514235924 ], [ -0.437789250401908, 54.356439467374031 ], [ -0.437752498638103, 54.356394940606954 ], [ -0.437701409696815, 54.356321484040848 ], [ -0.437662728102213, 54.35624549159504 ], [ -0.437613598885587, 54.356120800734956 ], [ -0.437524425097154, 54.355997425068971 ], [ -0.437402585719975, 54.355964380155847 ], [ -0.437384313361424, 54.355918312841155 ], [ -0.437350463363645, 54.355796534099149 ], [ -0.437325149112898, 54.355733280075562 ], [ -0.437293473995749, 54.355676253398343 ], [ -0.437242095953901, 54.355610864267156 ], [ -0.437130728631069, 54.355504260513143 ], [ -0.437081775349496, 54.355415542408245 ], [ -0.437020381250212, 54.355330258456384 ], [ -0.436934650662825, 54.355237477753157 ], [ -0.436792781503685, 54.355123279127319 ], [ -0.436686777837005, 54.354997869211203 ], [ -0.436633568807105, 54.354858752944807 ], [ -0.436657523224681, 54.354795247077952 ], [ -0.436758501431122, 54.354770489200142 ], [ -0.436858573337177, 54.354728659920312 ], [ -0.436907037225921, 54.354667269056492 ], [ -0.436883100753317, 54.354568969840976 ], [ -0.436851415416426, 54.354511035088592 ], [ -0.436759785437368, 54.354371439252972 ], [ -0.436655787247203, 54.354232572972975 ], [ -0.436558434603496, 54.354122554883887 ], [ -0.436200648947739, 54.353778166256127 ], [ -0.435920766458581, 54.353530069875227 ], [ -0.435717209316148, 54.353380016540044 ], [ -0.435534348289356, 54.353211373885756 ], [ -0.435401818553492, 54.353054142265826 ], [ -0.435385419451077, 54.352878668915963 ], [ -0.435352366448042, 54.352817129714978 ], [ -0.435313109413053, 54.352757289737951 ], [ -0.435162637612823, 54.352586360915907 ], [ -0.435082268161546, 54.352514321147879 ], [ -0.434989456319362, 54.352446587121321 ], [ -0.434908302183973, 54.35239520990369 ], [ -0.434635325752887, 54.352249647374684 ], [ -0.434483284778612, 54.35216140668085 ], [ -0.434265472774568, 54.352021951724907 ], [ -0.433473491815542, 54.35132228930739 ], [ -0.433353533640671, 54.351199382613679 ], [ -0.43324150499667, 54.351070286991082 ], [ -0.433164046869886, 54.350962330888038 ], [ -0.433035201676646, 54.350750334307691 ], [ -0.432866838722118, 54.350564789061146 ], [ -0.43265849018337, 54.350298720341684 ], [ -0.432603077239755, 54.350218023718213 ], [ -0.432481706396282, 54.350011507489 ], [ -0.432227207804617, 54.349259484670533 ], [ -0.432012626446246, 54.348752449913782 ], [ -0.431913856920217, 54.348356593533346 ], [ -0.431848146669049, 54.348183166245491 ], [ -0.431790602052822, 54.348078155369201 ], [ -0.431691485570443, 54.347933954978579 ], [ -0.431414406435046, 54.347613978284258 ], [ -0.431211959182682, 54.347435160101156 ], [ -0.431086019706919, 54.347308586921571 ], [ -0.431032884100405, 54.34724947281871 ], [ -0.43089647554678, 54.347074244989336 ], [ -0.430808118842256, 54.34684927186558 ], [ -0.430841962912585, 54.346607039293666 ], [ -0.430843798964897, 54.346438084861042 ], [ -0.430762855674544, 54.346260863539854 ], [ -0.430766346890174, 54.346169220222507 ], [ -0.430602263907722, 54.345993632158724 ], [ -0.430463543217727, 54.34604034651165 ], [ -0.430420125693216, 54.346049668884085 ], [ -0.430352742694134, 54.346040712118004 ], [ -0.430328076160725, 54.345961295061521 ], [ -0.430339973034312, 54.345891332774428 ], [ -0.430327165760316, 54.345783316676226 ], [ -0.430291152776583, 54.345679483866043 ], [ -0.430261365595403, 54.345532588613324 ], [ -0.430261974945758, 54.345395076926536 ], [ -0.430294262534729, 54.345233709100647 ], [ -0.430224627209351, 54.345163585150949 ], [ -0.430183432624774, 54.345154968915438 ], [ -0.429949006146466, 54.34512944884208 ], [ -0.429880715311566, 54.34510520003176 ], [ -0.429850665542791, 54.345085924846536 ], [ -0.429827002433633, 54.345061348809161 ], [ -0.42981265284046, 54.345034197478888 ], [ -0.429808983217412, 54.345008982743245 ], [ -0.429860732903757, 54.344782245297218 ], [ -0.429849434097371, 54.344674248745349 ], [ -0.429829375586651, 54.344636237285108 ], [ -0.429827243657174, 54.344611042554604 ], [ -0.429834440833245, 54.344583263749328 ], [ -0.429850875571541, 54.344556512937871 ], [ -0.429904647272351, 54.344517673374739 ], [ -0.429982405945537, 54.344495306649719 ], [ -0.430028688002018, 54.344492322443287 ], [ -0.430096121154759, 54.344499491407248 ], [ -0.43013117976607, 54.344508027860506 ], [ -0.430182638896587, 54.344530268942421 ], [ -0.430212645501172, 54.344509087547522 ], [ -0.430239775177903, 54.344484273439996 ], [ -0.430237984996135, 54.344450103939657 ], [ -0.430211644976394, 54.344374260349653 ], [ -0.430206794870926, 54.344340051046231 ], [ -0.430212694057771, 54.344305954599172 ], [ -0.430230977337177, 54.344270248558409 ], [ -0.430264687130239, 54.344233835359695 ], [ -0.430312098517377, 54.344201204637216 ], [ -0.430393460169432, 54.344165411184797 ], [ -0.43044267343349, 54.344044701396605 ], [ -0.430332858680215, 54.343978558015294 ], [ -0.430306755626469, 54.343936872727639 ], [ -0.430300984005213, 54.343886472658149 ], [ -0.430309767979212, 54.343857815642181 ], [ -0.430329246989594, 54.343831095374092 ], [ -0.430356345046824, 54.343806289817927 ], [ -0.430406763032269, 54.343775486818693 ], [ -0.43047689144673, 54.34359034289217 ], [ -0.430586579428643, 54.343537840102933 ], [ -0.430606160435579, 54.343508433641823 ], [ -0.430528169458777, 54.343456195574944 ], [ -0.430443037101116, 54.343469460552697 ], [ -0.430392740254422, 54.343457121721329 ], [ -0.430356487828661, 54.34343956362116 ], [ -0.430328094388606, 54.343417622610907 ], [ -0.430309048293882, 54.343392207888023 ], [ -0.430300814876667, 54.343366043968423 ], [ -0.430301704533855, 54.343342695174876 ], [ -0.430321559489803, 54.343306101751359 ], [ -0.430342248927075, 54.343288385437127 ], [ -0.43037997374491, 54.343267295401553 ], [ -0.430467092093747, 54.343241463813186 ], [ -0.430523610181314, 54.343211638923414 ], [ -0.430525984594943, 54.343190098092165 ], [ -0.430508206123466, 54.343051457391091 ], [ -0.430528834742229, 54.342953763135 ], [ -0.430551476034235, 54.342924378504335 ], [ -0.43059297479714, 54.342885379033625 ], [ -0.430641785070978, 54.342856361663259 ], [ -0.43082136706377, 54.34278587433532 ], [ -0.430894502835092, 54.342804810685486 ], [ -0.430931271649789, 54.342807994201458 ], [ -0.430982112196118, 54.342806848575094 ], [ -0.431040970656292, 54.342795929121408 ], [ -0.431087851530193, 54.342776764534626 ], [ -0.431212659255963, 54.342690311531278 ], [ -0.431242047254983, 54.3426457345156 ], [ -0.431234600543651, 54.342598899008813 ], [ -0.431206648474756, 54.342566178084112 ], [ -0.431090701028795, 54.34249996462664 ], [ -0.430981244744664, 54.342465285206728 ], [ -0.430963204199948, 54.342454264797773 ], [ -0.431044184015001, 54.342388804854288 ], [ -0.431047114986504, 54.342230650405931 ], [ -0.43088697127828, 54.342153957132055 ], [ -0.430873100651244, 54.342114237630334 ], [ -0.430997292986667, 54.342003508672221 ], [ -0.431009769079372, 54.341918273857765 ], [ -0.431132590815263, 54.341803922669733 ], [ -0.431352659885173, 54.341639602640484 ], [ -0.431421494580519, 54.34152903452415 ], [ -0.431481306540046, 54.3414534211079 ], [ -0.431580313663849, 54.341357626203326 ], [ -0.431594414752615, 54.341108844928534 ], [ -0.431876835738774, 54.340882416803694 ], [ -0.431956397931162, 54.340812452720847 ], [ -0.431971106223587, 54.340790164309276 ], [ -0.431982212255686, 54.340740864448222 ], [ -0.431979635056768, 54.340686919653002 ], [ -0.431967830290796, 54.34063372681625 ], [ -0.431931019066825, 54.340549658110739 ], [ -0.431865845327971, 54.340484096093832 ], [ -0.431788541040929, 54.340454338251604 ], [ -0.431584756993495, 54.340351911731723 ], [ -0.431560513773828, 54.340342617420518 ], [ -0.431513417522966, 54.340326707363751 ], [ -0.431463173400426, 54.340313479802518 ], [ -0.431412780577069, 54.340302946751983 ], [ -0.431359276122318, 54.340294143911969 ], [ -0.431301105433262, 54.340287096011096 ], [ -0.431241260084463, 54.34028363058674 ], [ -0.431181281715078, 54.340282850879923 ], [ -0.431121249963564, 54.34028387708068 ], [ -0.431068838036698, 54.340286781983806 ], [ -0.431014785613649, 54.340292370988401 ], [ -0.43095912723861, 54.340299736731744 ], [ -0.43090647578551, 54.340308930201601 ], [ -0.430853701798484, 54.340321744306493 ], [ -0.430838125175865, 54.340326026886352 ], [ -0.43078832421036, 54.340341558109166 ], [ -0.430668395743364, 54.340380445558125 ], [ -0.430560013976368, 54.340439266121102 ], [ -0.430489848576556, 54.340464419415468 ], [ -0.430404482492671, 54.340483982033348 ], [ -0.430313240405213, 54.34049626859936 ], [ -0.430179270796777, 54.340499918883779 ], [ -0.430000968098351, 54.340496700510975 ], [ -0.42967252100968, 54.340477147061669 ], [ -0.429540294401801, 54.34047542638654 ], [ -0.42940475304424, 54.340479954178427 ], [ -0.429264203139319, 54.340495211477631 ], [ -0.429033692985182, 54.340529062653268 ], [ -0.428945369541786, 54.340545880291366 ], [ -0.428926309587603, 54.340642713905638 ], [ -0.428686425052716, 54.340639590684283 ], [ -0.428317889802899, 54.340703102007772 ], [ -0.428248060606649, 54.340759717154704 ], [ -0.42819144181371, 54.340792227144703 ], [ -0.428091531459217, 54.340830482948363 ], [ -0.427875998517972, 54.34087529490094 ], [ -0.427704886748001, 54.340884750329941 ], [ -0.427660870736707, 54.340828458871471 ], [ -0.427633168023364, 54.340749001588684 ], [ -0.427634461168112, 54.340674407221854 ], [ -0.427665392984762, 54.340589440124958 ], [ -0.427656922644268, 54.340448214702803 ], [ -0.42740843939827, 54.340348793944926 ], [ -0.427252045740122, 54.340295522966095 ], [ -0.427223263493292, 54.340283463166593 ], [ -0.42706604684617, 54.340251761937154 ], [ -0.426902543555376, 54.340223564852039 ], [ -0.426737335361334, 54.340198931617728 ], [ -0.426568896193092, 54.340178750140566 ], [ -0.426400319260997, 54.340162179896261 ], [ -0.426210030803607, 54.340149811394248 ], [ -0.426018045167488, 54.340142813389193 ], [ -0.425825841856147, 54.340140306350371 ], [ -0.425635000856808, 54.340143209712231 ], [ -0.425442488928533, 54.340148778449603 ], [ -0.425433229231954, 54.340149565442523 ], [ -0.425309954279406, 54.340155147500198 ], [ -0.425186625994471, 54.340162526380972 ], [ -0.425063182860792, 54.340171701281932 ], [ -0.424941220616535, 54.340183582864391 ], [ -0.424820592640623, 54.340199993828726 ], [ -0.424783452095002, 54.340205800792063 ], [ -0.424665708969241, 54.340227624217029 ], [ -0.424547893070534, 54.340252152033443 ], [ -0.424434505324325, 54.340280350816137 ], [ -0.424322518878374, 54.340312127126964 ], [ -0.424249564499574, 54.340330067795371 ], [ -0.424170434253, 54.340346992999116 ], [ -0.42408991495716, 54.340361221520773 ], [ -0.424009482980425, 54.34037276364986 ], [ -0.423926098370034, 54.340380662885124 ], [ -0.423865944616095, 54.340385270185898 ], [ -0.423804272675317, 54.340388949816621 ], [ -0.423742668776769, 54.340390850635863 ], [ -0.423681099931941, 54.340391835082514 ], [ -0.423619683263252, 54.340389244171597 ], [ -0.423559861110436, 54.340383977591017 ], [ -0.423535379780431, 54.340380952327138 ], [ -0.423501692047366, 54.340376916954412 ], [ -0.423466466467008, 54.340372870470034 ], [ -0.423431276301861, 54.340367898650676 ], [ -0.423399179479978, 54.340362086388012 ], [ -0.423367181830028, 54.340354486755359 ], [ -0.423336759708699, 54.340345110053214 ], [ -0.423307990338036, 54.340333948303439 ], [ -0.423282334353209, 54.340321020591254 ], [ -0.423271865498423, 54.340312803393729 ], [ -0.42325091017099, 54.34029723163534 ], [ -0.423233112634618, 54.340279939440357 ], [ -0.423218475637993, 54.340260854940205 ], [ -0.423206847502181, 54.340242735539888 ], [ -0.42319080416835, 54.340179608324732 ], [ -0.423198619871756, 54.340136566957085 ], [ -0.423218597687466, 54.340097288779887 ], [ -0.423250554971668, 54.340065339727104 ], [ -0.423288536079808, 54.340037972472402 ], [ -0.423324620479221, 54.340019568652124 ], [ -0.423436729694136, 54.339984181603064 ], [ -0.423479170556191, 54.339960458855408 ], [ -0.423509379822171, 54.339934787646335 ], [ -0.423529066529899, 54.339902705185835 ], [ -0.423539667126891, 54.339866872782579 ], [ -0.423534975551011, 54.339829078917113 ], [ -0.423506032564847, 54.339781054224261 ], [ -0.423301256467713, 54.339625579033985 ], [ -0.42317611520627, 54.339518781670151 ], [ -0.423006910164722, 54.339358368818992 ], [ -0.422804509472096, 54.339220909237902 ], [ -0.422585065601194, 54.339005927753448 ], [ -0.422458617706365, 54.338934157639756 ], [ -0.422328333005416, 54.338841682276119 ], [ -0.422209847410524, 54.338721479546116 ], [ -0.422138671563249, 54.338612690156303 ], [ -0.422117138347068, 54.338531505536288 ], [ -0.422088365577634, 54.338479905387196 ], [ -0.422009737320363, 54.338404265933541 ], [ -0.421988644431788, 54.338392323388746 ], [ -0.421754858442336, 54.338352414294064 ], [ -0.421638388515205, 54.338300538909891 ], [ -0.421570905100286, 54.338255631882561 ], [ -0.421505533658562, 54.338194546659579 ], [ -0.421460451009312, 54.338127444024281 ], [ -0.421436448319572, 54.338071411990555 ], [ -0.421424868044695, 54.338011929183764 ], [ -0.421275313803894, 54.337940763334423 ], [ -0.42104507294773, 54.337767882356047 ], [ -0.420985668414974, 54.337751825066448 ], [ -0.420954017859666, 54.337735232094886 ], [ -0.420918703717061, 54.337693424120765 ], [ -0.420920184470818, 54.337654785104256 ], [ -0.420931600448786, 54.337637856844012 ], [ -0.420970914991542, 54.337615010866926 ], [ -0.421032889840477, 54.33760412810804 ], [ -0.421078946480517, 54.337605638544389 ], [ -0.421130905119608, 54.337615297617468 ], [ -0.421170208264968, 54.337632889489072 ], [ -0.42120716363133, 54.337672013402909 ], [ -0.421341942833026, 54.337727715052146 ], [ -0.421527728557463, 54.337736437127383 ], [ -0.421587580156539, 54.337699469423775 ], [ -0.421553768390568, 54.337658580113548 ], [ -0.421445595162481, 54.337631099252235 ], [ -0.421418342893706, 54.337580399663644 ], [ -0.421386576990319, 54.337565611931382 ], [ -0.421347048258281, 54.337554308942352 ], [ -0.421236511936877, 54.337548368736591 ], [ -0.421144788307075, 54.337453691057881 ], [ -0.421042715689479, 54.33742718847116 ], [ -0.421023276983159, 54.337413442783571 ], [ -0.421013203367368, 54.337395343493078 ], [ -0.421013994814407, 54.337374689899193 ], [ -0.421030077027319, 54.3373560070631 ], [ -0.421078543434269, 54.337335968282858 ], [ -0.421196941543681, 54.337216194198703 ], [ -0.421110427534362, 54.337186290940203 ], [ -0.421175143409152, 54.33710264826798 ], [ -0.421025584765552, 54.337112376126861 ], [ -0.420958850666665, 54.337046778632967 ], [ -0.420966691291052, 54.336922852581282 ], [ -0.421018557564144, 54.336853414036277 ], [ -0.421030431837117, 54.336784377978212 ], [ -0.421039263104115, 54.336715275136982 ], [ -0.421015804503281, 54.336684417175533 ], [ -0.420959155510797, 54.336637835917166 ], [ -0.420924415702648, 54.336621202505377 ], [ -0.420869070439554, 54.336620478262816 ], [ -0.420813572433129, 54.33662333830182 ], [ -0.420745823679396, 54.336745581517604 ], [ -0.420662178445189, 54.336721126388802 ], [ -0.4206464186674, 54.336691267937972 ], [ -0.42063389481752, 54.336656040919188 ], [ -0.420623908082924, 54.336515693736722 ], [ -0.42056240025817, 54.336394446335383 ], [ -0.420547830509348, 54.336333144618827 ], [ -0.420556123711962, 54.336237968876233 ], [ -0.420578795487068, 54.336168148389753 ], [ -0.420555254915944, 54.336059990426556 ], [ -0.420525744457335, 54.335986799450318 ], [ -0.420491208853117, 54.335924328573519 ], [ -0.42042106303878, 54.335829033901732 ], [ -0.420403957675965, 54.335793764855971 ], [ -0.420361566210948, 54.335615242843673 ], [ -0.420357151489864, 54.335529787809683 ], [ -0.420364167736432, 54.335427404760622 ], [ -0.420414028107913, 54.335209643273458 ], [ -0.420411612968983, 54.335112547678513 ], [ -0.420399847369065, 54.335057556424594 ], [ -0.420348360501901, 54.334956232146169 ], [ -0.420273486371993, 54.334863562947909 ], [ -0.420260767724488, 54.334834643068191 ], [ -0.420233309959426, 54.334707540450161 ], [ -0.420231916301233, 54.334623931584169 ], [ -0.420242198499806, 54.334516198340459 ], [ -0.420080085376549, 54.334291176554608 ], [ -0.420012783408819, 54.334241749866514 ], [ -0.419978665297088, 54.334208963446187 ], [ -0.419952475768717, 54.334169962101093 ], [ -0.419935612929071, 54.334128395392447 ], [ -0.419932911304227, 54.334078915708574 ], [ -0.419942476074289, 54.334029623608394 ], [ -0.419975789428029, 54.333962648015643 ], [ -0.419875483558137, 54.333770774889494 ], [ -0.419839115126713, 54.333717268026689 ], [ -0.419668201041034, 54.333681782261522 ], [ -0.419619565411798, 54.333546303700238 ], [ -0.419583339021349, 54.333488304494743 ], [ -0.419511646733402, 54.333392988964043 ], [ -0.419439062312755, 54.333320141294237 ], [ -0.419357147961528, 54.333250757672666 ], [ -0.419274858212752, 54.333190366305644 ], [ -0.419234333671963, 54.333164650377341 ], [ -0.41905901232229, 54.333084155790772 ], [ -0.418778454793178, 54.333020267446294 ], [ -0.418634536220547, 54.332963544175037 ], [ -0.418542768978392, 54.332949775944932 ], [ -0.418336346635609, 54.332918299030041 ], [ -0.418183865490643, 54.332883933588192 ], [ -0.418103377108713, 54.332856812532555 ], [ -0.418029324554909, 54.332823502003457 ], [ -0.41792843831225, 54.332766443210829 ], [ -0.417801638377197, 54.332745006516937 ], [ -0.417673186598899, 54.332725336688583 ], [ -0.417564944499386, 54.332780561156191 ], [ -0.417492350413103, 54.332788588383103 ], [ -0.417378956492676, 54.332737656861454 ], [ -0.417264542811526, 54.332673238474996 ], [ -0.417096292079688, 54.332609021565283 ], [ -0.417002430342446, 54.332490053209881 ], [ -0.416973844717296, 54.33243305224434 ], [ -0.416933909004825, 54.332392063232163 ], [ -0.416887482528793, 54.332359096446979 ], [ -0.416851244919893, 54.332341552330519 ], [ -0.416802725418194, 54.332323838070415 ], [ -0.416743341990584, 54.33230867771934 ], [ -0.416672906696972, 54.332300562918583 ], [ -0.41653594244175, 54.332302351961104 ], [ -0.416239312953896, 54.332257113066532 ], [ -0.416064071915773, 54.332254812864875 ], [ -0.416093633928135, 54.331885792902888 ], [ -0.416073923633704, 54.331718352752596 ], [ -0.416060293164745, 54.331673241574229 ], [ -0.41596410710375, 54.331534449725723 ], [ -0.41591626291333, 54.331418772047527 ], [ -0.415901132048579, 54.331332277226537 ], [ -0.415907779207003, 54.331199347387297 ], [ -0.415892648431486, 54.33111285256286 ], [ -0.415840676177937, 54.33098455507492 ], [ -0.415931675570562, 54.330858107607895 ], [ -0.415965579720537, 54.330775860795754 ], [ -0.415989964658007, 54.330742016573033 ], [ -0.416020244171104, 54.330713660651924 ], [ -0.416122642880725, 54.330690745536423 ], [ -0.416164730231058, 54.330636460672174 ], [ -0.416203730907261, 54.330581254430072 ], [ -0.416166128883223, 54.330519622791591 ], [ -0.416246904831827, 54.330458664110694 ], [ -0.416331463140459, 54.330419335807598 ], [ -0.416297556526382, 54.330301153698571 ], [ -0.416136901060297, 54.330319717960492 ], [ -0.41616149684034, 54.330279575707344 ], [ -0.416193807913268, 54.33023956168438 ], [ -0.416341093361497, 54.330209128158515 ], [ -0.416372091505394, 54.330082800664812 ], [ -0.416456066268777, 54.330057836831401 ], [ -0.416515628734902, 54.329948961844906 ], [ -0.416600358297404, 54.329905141480701 ], [ -0.41672314875446, 54.32979170314141 ], [ -0.416841418794353, 54.329715057195337 ], [ -0.416880402151917, 54.329300302510106 ], [ -0.416951825549449, 54.329203276643163 ], [ -0.417087795189016, 54.329146627839037 ], [ -0.417077000569507, 54.329066508771653 ], [ -0.417147580752542, 54.329031463695287 ], [ -0.417159785201773, 54.328913886696 ], [ -0.417222805007199, 54.328874275238171 ], [ -0.41726000137496, 54.328786678299025 ], [ -0.417184696317601, 54.328665247911516 ], [ -0.4173176781783, 54.328605854199679 ], [ -0.417493534924387, 54.328512004445109 ], [ -0.417571073734223, 54.328455496565063 ], [ -0.417585700034384, 54.328354112158657 ], [ -0.417630664884849, 54.3283052754553 ], [ -0.41765324789666, 54.328157256479095 ], [ -0.417531280301786, 54.328090033695219 ], [ -0.417409861114817, 54.328208002928797 ], [ -0.417297246762904, 54.328297298166071 ], [ -0.417062824706092, 54.328435329579243 ], [ -0.41696923638142, 54.328389169488879 ], [ -0.417039711402021, 54.328316390417292 ], [ -0.417196559669355, 54.328235765107479 ], [ -0.417199181804254, 54.328167479801394 ], [ -0.41723907219067, 54.328089805279944 ], [ -0.417365470186085, 54.328042027861976 ], [ -0.41741423738782, 54.328013914090469 ], [ -0.417490568536759, 54.327948384194912 ], [ -0.417518112345729, 54.327911893609929 ], [ -0.417518264250859, 54.327827424010351 ], [ -0.417446705540902, 54.327729403364252 ], [ -0.417446153381693, 54.327703330190616 ], [ -0.417562687429333, 54.32763205374134 ], [ -0.41775621007505, 54.327558200472183 ], [ -0.417903568364915, 54.327485521264954 ], [ -0.417974442768913, 54.327441518288495 ], [ -0.418083727982988, 54.327238917821035 ], [ -0.418124594854415, 54.327055185450476 ], [ -0.418175049610949, 54.326983051066179 ], [ -0.418247648282205, 54.326934558435589 ], [ -0.418327881958684, 54.326887064672611 ], [ -0.418558742353343, 54.326882010297467 ], [ -0.418686307202967, 54.326803677768872 ], [ -0.419040167618017, 54.32667889302747 ], [ -0.419150327940163, 54.326653371636752 ], [ -0.419458616995461, 54.326594483680772 ], [ -0.419607943677709, 54.326549709760251 ], [ -0.419618334215026, 54.326478838674369 ], [ -0.419583832287234, 54.326376819523027 ], [ -0.419687549767869, 54.326317965715923 ], [ -0.419657596395923, 54.326257343125768 ], [ -0.419458875422426, 54.326225986739637 ], [ -0.419456095193918, 54.326057861025767 ], [ -0.419424064714935, 54.32593070708652 ], [ -0.419415669607523, 54.325909025307325 ], [ -0.419301761072224, 54.325752036303655 ], [ -0.419339591756911, 54.325687807505112 ], [ -0.419221726095002, 54.325633232655754 ], [ -0.419240192065415, 54.325553488125301 ], [ -0.419401790159411, 54.325469308958773 ], [ -0.419422092933581, 54.325421056336147 ], [ -0.419433175005322, 54.325372655956386 ], [ -0.4192640130198, 54.325252684747674 ], [ -0.418816665650252, 54.325329533036097 ], [ -0.418686640623437, 54.325272092837338 ], [ -0.418664982479632, 54.325194509999271 ], [ -0.418757281574415, 54.325153474859597 ], [ -0.418936944751436, 54.325119876273689 ], [ -0.419011663058181, 54.325096596058316 ], [ -0.41907721354236, 54.325071389034406 ], [ -0.419111991475205, 54.325046659630608 ], [ -0.419137496905024, 54.325022734516288 ], [ -0.419150634566674, 54.325001334840387 ], [ -0.419160179902074, 54.324952914346611 ], [ -0.419157409657753, 54.324905258282122 ], [ -0.419145008842303, 54.324867345138031 ], [ -0.419121762262564, 54.324831968386299 ], [ -0.419069933575059, 54.324780056243931 ], [ -0.418905893891273, 54.324726682676108 ], [ -0.418888101757108, 54.324710270663999 ], [ -0.418788399781055, 54.32458312852161 ], [ -0.418737693256809, 54.324501578683133 ], [ -0.418679435949569, 54.324376759269747 ], [ -0.418633500950697, 54.324371663100273 ], [ -0.418536379393016, 54.324338032410402 ], [ -0.418361220968892, 54.324334855564608 ], [ -0.41825184451374, 54.324339695518894 ], [ -0.418532750846618, 54.324152835773099 ], [ -0.418508910306645, 54.324012315479415 ], [ -0.418531868039298, 54.323894861258012 ], [ -0.418486760723862, 54.323868204062826 ], [ -0.41839155647864, 54.323824711295373 ], [ -0.418285284009727, 54.323789162783044 ], [ -0.418183228189577, 54.323763547551955 ], [ -0.418135856041596, 54.323756652671285 ], [ -0.417989858062904, 54.323834715942709 ], [ -0.417929855011395, 54.323875275149732 ], [ -0.417890895791896, 54.32388916347869 ], [ -0.417807406280239, 54.323900634250869 ], [ -0.41776283641945, 54.323900049775631 ], [ -0.417741491990355, 54.323895284725275 ], [ -0.417707004871672, 54.323831914653837 ], [ -0.417651578986057, 54.323673893261066 ], [ -0.417669449577096, 54.323608513349015 ], [ -0.417452016546691, 54.323504993095689 ], [ -0.417428564219798, 54.323475033217022 ], [ -0.417424053287016, 54.323432720246558 ], [ -0.417445450315214, 54.323395250219676 ], [ -0.417475631847272, 54.323370478971441 ], [ -0.417555375928843, 54.323335580850987 ], [ -0.417627930586509, 54.323288885676646 ], [ -0.417654313157836, 54.323242501729382 ], [ -0.417523226031991, 54.323132024539696 ], [ -0.41734515750616, 54.323164734085815 ], [ -0.41721509946194, 54.323227734461014 ], [ -0.417072101575997, 54.323227665095544 ], [ -0.416997642495347, 54.323204208555204 ], [ -0.41675051708506, 54.32323333265785 ], [ -0.416616740732556, 54.323233374772393 ], [ -0.416372050326086, 54.323158266241954 ], [ -0.416297811517277, 54.323089861867473 ], [ -0.416312841080808, 54.322738636138311 ], [ -0.416302354201037, 54.322611755020205 ], [ -0.416166732063801, 54.322458971954049 ], [ -0.416068461704994, 54.322656322461249 ], [ -0.415763069183369, 54.323040614723205 ], [ -0.415627688962573, 54.323001985153432 ], [ -0.41580081191009, 54.322819091262389 ], [ -0.415687723134929, 54.322760980270623 ], [ -0.415841097333951, 54.322650631913504 ], [ -0.415890359649543, 54.322529056337785 ], [ -0.415963713110949, 54.322420362627007 ], [ -0.41605173925863, 54.322250723344446 ], [ -0.415854818861478, 54.322213092715572 ], [ -0.415681671773366, 54.322198226621261 ], [ -0.41540110862594, 54.322136136376585 ], [ -0.415542751870281, 54.322092138482155 ], [ -0.415713891204114, 54.322080013627847 ], [ -0.415819450210535, 54.322053527091235 ], [ -0.415969467502154, 54.321951232924896 ], [ -0.415889707190761, 54.321906152223669 ], [ -0.415825542152586, 54.321854966478874 ], [ -0.415670217917421, 54.321816075053547 ], [ -0.415571949186493, 54.321732092571963 ], [ -0.415730117162299, 54.321617340147768 ], [ -0.415896865294701, 54.321519759898173 ], [ -0.415809301057067, 54.321437706815644 ], [ -0.415864435979749, 54.321362938327219 ], [ -0.415902751414118, 54.321286124362707 ], [ -0.416031666295941, 54.321252771670451 ], [ -0.416139604263381, 54.321164297082042 ], [ -0.416276996577684, 54.321069944219481 ], [ -0.416234483424589, 54.320935443058332 ], [ -0.416373618288298, 54.320876158201514 ], [ -0.416409014878919, 54.320794838600307 ], [ -0.416441836349557, 54.320741330828902 ], [ -0.416480616933604, 54.320692395393877 ], [ -0.416528563369395, 54.320645404862717 ], [ -0.416574578736901, 54.320608258082196 ], [ -0.416686483677181, 54.320536921765651 ], [ -0.416711348537614, 54.320489601289168 ], [ -0.41675965926039, 54.320432710382249 ], [ -0.416810165951377, 54.32039830994254 ], [ -0.416918203048513, 54.320347595665147 ], [ -0.416899014439046, 54.320327578690694 ], [ -0.416761553856637, 54.320262848077519 ], [ -0.41666875794888, 54.320277818167654 ], [ -0.416473423796509, 54.320399283591982 ], [ -0.416288117080449, 54.32050023428959 ], [ -0.415975365868738, 54.320756779184578 ], [ -0.415869655649276, 54.320706854622628 ], [ -0.416009774284837, 54.320541512597131 ], [ -0.416202160307743, 54.32041639593011 ], [ -0.416310781356581, 54.320310870435137 ], [ -0.416487076235277, 54.32024397480486 ], [ -0.416643615474049, 54.32017141770686 ], [ -0.416827818562396, 54.320138789759234 ], [ -0.417145681049058, 54.320109694837733 ], [ -0.417290288223988, 54.320067558436079 ], [ -0.417392659685635, 54.320044642019617 ], [ -0.417539206835651, 54.320031266245977 ], [ -0.417636948723029, 54.320009187726626 ], [ -0.417733245904174, 54.319983485888393 ], [ -0.417840813040328, 54.319904892029783 ], [ -0.417919388758133, 54.3198609901102 ], [ -0.417925968476159, 54.319849391649974 ], [ -0.417546822908964, 54.319553199531605 ], [ -0.417059127433149, 54.319160306395467 ], [ -0.417037992466473, 54.319150150990481 ], [ -0.416983311053994, 54.319132346832376 ], [ -0.416919316857086, 54.319118033733233 ], [ -0.416851893085104, 54.319111756046624 ], [ -0.41678267272119, 54.319112627381493 ], [ -0.416660291139664, 54.319136188479348 ], [ -0.416373962207215, 54.319225926365419 ], [ -0.416336840170017, 54.319231712900724 ], [ -0.416293708242255, 54.319233852192816 ], [ -0.416243184146934, 54.319228703818723 ], [ -0.41619597951435, 54.319216390410823 ], [ -0.416156661419527, 54.319199695373719 ], [ -0.416113546416405, 54.319161369650196 ], [ -0.416106930215226, 54.319053432586287 ], [ -0.416132001992361, 54.318960292755314 ], [ -0.41624260834529, 54.318882639033362 ], [ -0.416223920264955, 54.31880958875194 ], [ -0.416334720847333, 54.318766092908746 ], [ -0.416443957647583, 54.318684843698115 ], [ -0.416489453359283, 54.318661172530852 ], [ -0.416516922336838, 54.31862648781533 ], [ -0.416513643076561, 54.318591372560263 ], [ -0.416495911556422, 54.318572273460831 ], [ -0.416462775214382, 54.318554760828604 ], [ -0.416429313018374, 54.318545333349903 ], [ -0.416367895243396, 54.31854362835216 ], [ -0.416321468954125, 54.31855109939049 ], [ -0.416183370429848, 54.31850435419333 ], [ -0.416188304571155, 54.318375895739877 ], [ -0.416139943828404, 54.318353680031215 ], [ -0.416089869790441, 54.318336843758118 ], [ -0.416005630806541, 54.318368104537747 ], [ -0.415906593106158, 54.31838477174685 ], [ -0.415715127133053, 54.318286092146245 ], [ -0.415532747142539, 54.318230657273553 ], [ -0.415452473494996, 54.318199932719381 ], [ -0.415361810736493, 54.318158303708138 ], [ -0.415205326146114, 54.318069969840181 ], [ -0.415162109953983, 54.318034329919854 ], [ -0.415126698900444, 54.317995224174254 ], [ -0.415109398692151, 54.317965326630173 ], [ -0.415096969038741, 54.317928311440475 ], [ -0.415098225153685, 54.317856430777177 ], [ -0.415172157721012, 54.317772903282275 ], [ -0.415259647150579, 54.317695854597865 ], [ -0.415259401182145, 54.317623046386174 ], [ -0.415314685669057, 54.317544675799823 ], [ -0.415508079168315, 54.317392626659853 ], [ -0.415607495021983, 54.317366059683181 ], [ -0.415665232329639, 54.317343466396963 ], [ -0.415712332663434, 54.317318018942842 ], [ -0.415779130893245, 54.317260463375511 ], [ -0.415855391078544, 54.317156302003767 ], [ -0.415909672969983, 54.317103983965744 ], [ -0.415983896470507, 54.317052826559525 ], [ -0.416181258225254, 54.316957445566999 ], [ -0.41628332799964, 54.316902168397924 ], [ -0.416361244739269, 54.316875318582611 ], [ -0.416415268250697, 54.316869735927021 ], [ -0.416479741427284, 54.316871481020939 ], [ -0.416534661464841, 54.31688298778969 ], [ -0.416610300949591, 54.316915439485399 ], [ -0.416760511499658, 54.316886850721488 ], [ -0.416975241473358, 54.316859998219222 ], [ -0.417109671497335, 54.316922891277031 ], [ -0.417229213708289, 54.316852562504451 ], [ -0.417134111474947, 54.31672635988339 ], [ -0.417021864420638, 54.316687154377142 ], [ -0.41657807916862, 54.316753227751789 ], [ -0.416412832518827, 54.316732192430514 ], [ -0.416344926282672, 54.316739381515227 ], [ -0.416276846819679, 54.31675108039898 ], [ -0.416111740891715, 54.316806437812176 ], [ -0.416061622131892, 54.316830039147767 ], [ -0.415980820634543, 54.316852338783043 ], [ -0.415936135410658, 54.31685535636489 ], [ -0.415877812577944, 54.316852792911007 ], [ -0.415821336995949, 54.316842164242594 ], [ -0.415740966050868, 54.316813236234424 ], [ -0.415544226684831, 54.316851998584141 ], [ -0.415290355733478, 54.316977205387282 ], [ -0.415249283469728, 54.317005419353507 ], [ -0.415177249738702, 54.31707998356957 ], [ -0.415157463535632, 54.317114777902383 ], [ -0.41511034616566, 54.317260667736441 ], [ -0.415035670797624, 54.317363941653824 ], [ -0.414947425509666, 54.317379868999446 ], [ -0.414909840131484, 54.31731735612383 ], [ -0.414919351929334, 54.317150299267425 ], [ -0.414960116118496, 54.317009718995223 ], [ -0.415076312723972, 54.31678653878928 ], [ -0.415028335869063, 54.316474006503945 ], [ -0.415105837327361, 54.316377960330662 ], [ -0.415209100446478, 54.316291231805508 ], [ -0.415258651070145, 54.31620199999233 ], [ -0.415408738671497, 54.316136559392952 ], [ -0.415488399928441, 54.316143906464021 ], [ -0.415465782758677, 54.316292805718554 ], [ -0.415440766342843, 54.316343701303083 ], [ -0.415377918935287, 54.316419294107973 ], [ -0.415513488669587, 54.316451625847478 ], [ -0.415663574579429, 54.316346627529697 ], [ -0.415719633142946, 54.3162880590952 ], [ -0.415734552028527, 54.316259483555307 ], [ -0.415741282207796, 54.316204752473055 ], [ -0.415708148176288, 54.316066787827438 ], [ -0.415816504560958, 54.316007099476977 ], [ -0.41588159134047, 54.315954015517498 ], [ -0.416029498141841, 54.315825627624875 ], [ -0.41604790389523, 54.315786311902571 ], [ -0.416215388565821, 54.315748971350956 ], [ -0.416155769179581, 54.315700550819663 ], [ -0.416032460400315, 54.31562883237477 ], [ -0.416011588864319, 54.315611471636643 ], [ -0.415986606075748, 54.315581473334952 ], [ -0.415978525005022, 54.315551714924538 ], [ -0.415982752281817, 54.315522109133653 ], [ -0.416002329612165, 54.315492713874647 ], [ -0.41603870607669, 54.315466226670793 ], [ -0.416088689619128, 54.315445302079759 ], [ -0.416121283954236, 54.315437631576586 ], [ -0.416327736694568, 54.315425969632926 ], [ -0.416429153601026, 54.315466858279073 ], [ -0.416509887177111, 54.315526323762725 ], [ -0.416725352961766, 54.315560610627067 ], [ -0.416697518200223, 54.315444314617196 ], [ -0.416670638488162, 54.31542327084577 ], [ -0.416832925097725, 54.315401141285896 ], [ -0.416880781210336, 54.315355929110126 ], [ -0.416581491373182, 54.315263017421806 ], [ -0.416432171524417, 54.3153077965124 ], [ -0.416286986734595, 54.315286125485187 ], [ -0.416167132308605, 54.315204547438796 ], [ -0.416008609580133, 54.315168319730866 ], [ -0.416160084997387, 54.315027385969522 ], [ -0.41620383389198, 54.314968637728484 ], [ -0.416302735361864, 54.314795572604346 ], [ -0.416284952835364, 54.314737814225019 ], [ -0.416132592214669, 54.314782553020301 ], [ -0.416070802789421, 54.314709817628795 ], [ -0.416072643574514, 54.314622664544515 ], [ -0.41591486601975, 54.314607119505872 ], [ -0.415710596009651, 54.31480217014618 ], [ -0.415651807055536, 54.314852631250773 ], [ -0.415516574035598, 54.314891293426747 ], [ -0.415298696267577, 54.314919890598674 ], [ -0.415176355963323, 54.314863473019834 ], [ -0.415190220876838, 54.314662299859378 ], [ -0.415377473461368, 54.314629714308438 ], [ -0.415330958340397, 54.314560792440872 ], [ -0.415219276273357, 54.314586290210094 ], [ -0.41504813293816, 54.314679326567223 ], [ -0.4148792703812, 54.31475260047381 ], [ -0.414657057944232, 54.314734400505742 ], [ -0.414512670876228, 54.314692055785265 ], [ -0.414556681149109, 54.314586572534203 ], [ -0.414727513277421, 54.314581635843801 ], [ -0.414929957415065, 54.314514178365876 ], [ -0.415016709072144, 54.314417354951971 ], [ -0.415013569117819, 54.314378655131954 ], [ -0.414951053001932, 54.314245697148564 ], [ -0.414850094556475, 54.314151800403522 ], [ -0.414806429216155, 54.314048769308279 ], [ -0.414693680623131, 54.313981664350671 ], [ -0.414626625054357, 54.31392684452338 ], [ -0.414578233548044, 54.313865996122729 ], [ -0.414547035831948, 54.313798174056537 ], [ -0.414540699858609, 54.313763045501666 ], [ -0.41462243170679, 54.313676016531389 ], [ -0.414641162936343, 54.313628642802328 ], [ -0.414652143910479, 54.313582928924291 ], [ -0.414640406252957, 54.313527955181904 ], [ -0.414658305119647, 54.313503032212559 ], [ -0.414709219681583, 54.313457843099435 ], [ -0.414977019052498, 54.31328969483274 ], [ -0.415103217359247, 54.313326398126065 ], [ -0.415160104009468, 54.313365804037907 ], [ -0.415164387086622, 54.313373958741082 ], [ -0.415050666281756, 54.31349378847068 ], [ -0.414980352889378, 54.313522543958761 ], [ -0.414944150820072, 54.313544521021804 ], [ -0.414896117607529, 54.313595141056609 ], [ -0.414880685349756, 54.313636284353848 ], [ -0.414898275868817, 54.313738972830464 ], [ -0.415030867046174, 54.313928569846027 ], [ -0.415132502579309, 54.31404404719747 ], [ -0.415185143257012, 54.314033952809254 ], [ -0.415236466093045, 54.314019346949401 ], [ -0.415282148368468, 54.313910290093247 ], [ -0.415211244825454, 54.313834773980844 ], [ -0.415208635753278, 54.313743050316624 ], [ -0.415259838642389, 54.31365114371016 ], [ -0.415320989795925, 54.313619589201345 ], [ -0.415469851024748, 54.314266012750537 ], [ -0.415486770699074, 54.314426217259147 ], [ -0.415501359640221, 54.314486639292355 ], [ -0.415631225669484, 54.314507211280699 ], [ -0.415649801860126, 54.314503868919772 ], [ -0.415720116480389, 54.314475113054172 ], [ -0.41582820756303, 54.314422620827806 ], [ -0.415906917332885, 54.314374209882352 ], [ -0.416026110222326, 54.314272409778461 ], [ -0.416173407519652, 54.314240179244905 ], [ -0.416243105588773, 54.314306717638097 ], [ -0.416217714305685, 54.314407061939399 ], [ -0.416228951802858, 54.314475520336465 ], [ -0.416417899956747, 54.31451843894763 ], [ -0.416446714354815, 54.314569151498766 ], [ -0.416630566436273, 54.314585056041508 ], [ -0.41683708409672, 54.314571587461913 ], [ -0.416837767109298, 54.314474505117488 ], [ -0.416723748956476, 54.314401111616554 ], [ -0.416821343720246, 54.314341281149211 ], [ -0.416851657204734, 54.314272460274317 ], [ -0.416859374367208, 54.31423121549588 ], [ -0.416856243973011, 54.314152976451183 ], [ -0.416791081392045, 54.314048765170547 ], [ -0.41680998418964, 54.313956416059597 ], [ -0.416711972960733, 54.313866145889534 ], [ -0.416730676111782, 54.313659670069704 ], [ -0.41668109052703, 54.313589809595811 ], [ -0.416666016937719, 54.313541973915477 ], [ -0.416673507906151, 54.313466579726004 ], [ -0.416640093429089, 54.313336692060901 ], [ -0.416600956239343, 54.313314624505971 ], [ -0.41656010706243, 54.313297909454846 ], [ -0.416532918047515, 54.313325398253596 ], [ -0.416489228795971, 54.313381450915763 ], [ -0.416457789062627, 54.313440369824448 ], [ -0.41642801204473, 54.313535254655861 ], [ -0.416376188488439, 54.313563327866277 ], [ -0.416316781365093, 54.313589521823765 ], [ -0.416165238055577, 54.313612690525474 ], [ -0.416029836384105, 54.313655863154786 ], [ -0.415818784979974, 54.313707030530189 ], [ -0.415845060399219, 54.313663324034728 ], [ -0.415854142408438, 54.313626591370394 ], [ -0.415852514953322, 54.31358971807628 ], [ -0.415835422361541, 54.313554448345975 ], [ -0.41580749058177, 54.313520815954604 ], [ -0.415773151781395, 54.313494299027191 ], [ -0.415677955030868, 54.313451702803562 ], [ -0.415659310779277, 54.313416412668623 ], [ -0.415659775973972, 54.313364286785351 ], [ -0.415679388025301, 54.313333966237764 ], [ -0.415736427063026, 54.313289782921892 ], [ -0.415965930228086, 54.313198419734832 ], [ -0.415998231894419, 54.313157497803402 ], [ -0.416054701066231, 54.313047683465008 ], [ -0.41611641433279, 54.313002653528066 ], [ -0.416158073614605, 54.312917802878943 ], [ -0.416254848928157, 54.312880441789424 ], [ -0.416311386185566, 54.312809259830622 ], [ -0.416168804273185, 54.312758869275214 ], [ -0.416104115892035, 54.312722066875516 ], [ -0.416137913884298, 54.312562510334409 ], [ -0.416109338955633, 54.312506407860738 ], [ -0.415868113828168, 54.31250324048704 ], [ -0.415770038063794, 54.312294332395496 ], [ -0.415761765420535, 54.31218994177852 ], [ -0.415770551601029, 54.312161303665569 ], [ -0.415790162291412, 54.312131001057175 ], [ -0.415818799634543, 54.312106218936464 ], [ -0.415857939998325, 54.312086940730943 ], [ -0.415903048787327, 54.312073160815721 ], [ -0.415946410298139, 54.31206564973396 ], [ -0.416146325003775, 54.312062881639378 ], [ -0.416153192529246, 54.312004539022908 ], [ -0.415989448239582, 54.311985311375658 ], [ -0.415916684080998, 54.311958289927375 ], [ -0.41584721530741, 54.311925918742411 ], [ -0.415728732244632, 54.311809312868135 ], [ -0.415641637985515, 54.311795594460783 ], [ -0.415543379049322, 54.311912041390265 ], [ -0.415500357678853, 54.311951914590914 ], [ -0.415416890735857, 54.311963410841273 ], [ -0.415415368639055, 54.311883395183301 ], [ -0.415455917494271, 54.311788643069718 ], [ -0.415435049132012, 54.311730843990333 ], [ -0.415286219277714, 54.311683956607858 ], [ -0.415184850952218, 54.311721283540436 ], [ -0.415166876375021, 54.311669796245305 ], [ -0.415172382090042, 54.311486507708828 ], [ -0.415247769873344, 54.311404805920503 ], [ -0.415277788898478, 54.311303650702946 ], [ -0.415228864739155, 54.311216711544908 ], [ -0.415180544578084, 54.311074052973204 ], [ -0.415007034694995, 54.31102864763713 ], [ -0.414905664920795, 54.310986850491886 ], [ -0.414816831406311, 54.310938045344315 ], [ -0.414780992798129, 54.31091062754674 ], [ -0.414743565075777, 54.310804972848459 ], [ -0.41474280805722, 54.310704285181657 ], [ -0.414734317146956, 54.31064484196861 ], [ -0.414715082033051, 54.310586183355539 ], [ -0.41468366772579, 54.310522852569761 ], [ -0.414618137408905, 54.310428495296073 ], [ -0.414454040257162, 54.310138713632149 ], [ -0.414358664794192, 54.310020630354352 ], [ -0.414366692212603, 54.309892185471803 ], [ -0.414407867982625, 54.309819921610476 ], [ -0.414412509785763, 54.309779544344238 ], [ -0.414411079354277, 54.309736381792355 ], [ -0.414383994016397, 54.309641639838929 ], [ -0.414270336607271, 54.30971925172534 ], [ -0.414230565572543, 54.309753774236533 ], [ -0.414201511249363, 54.309829801684863 ], [ -0.414012414140446, 54.309791371601314 ], [ -0.413968005358708, 54.309626293193332 ], [ -0.413912918135952, 54.309580627506072 ], [ -0.413854558342441, 54.30953852306434 ], [ -0.413722689484198, 54.309530488324476 ], [ -0.413625572173034, 54.309497752239409 ], [ -0.41350130207787, 54.309372088651486 ], [ -0.413432426984277, 54.309324443748942 ], [ -0.413408955417748, 54.309294464723706 ], [ -0.413399860039165, 54.309251192349834 ], [ -0.413416931704713, 54.309207383280395 ], [ -0.413464661358904, 54.309165766089244 ], [ -0.413516381798989, 54.309139481445875 ], [ -0.413488715299097, 54.30905911287774 ], [ -0.413416922192302, 54.30904738271883 ], [ -0.413329005177621, 54.309055223653516 ], [ -0.413214693949237, 54.309030350529333 ], [ -0.413018741832365, 54.308849795812471 ], [ -0.413322243214574, 54.308871773720661 ], [ -0.413323006393395, 54.308772013804628 ], [ -0.413410042487036, 54.308707535101512 ], [ -0.413405815690725, 54.308617614643083 ], [ -0.413371501846794, 54.308550632047648 ], [ -0.413234304709756, 54.30856052121635 ], [ -0.413166260705634, 54.308491315193649 ], [ -0.413237092010851, 54.308407748051081 ], [ -0.413392983879541, 54.308351392651325 ], [ -0.413409314297956, 54.308286882798377 ], [ -0.413346728229182, 54.308195268957888 ], [ -0.413250770512081, 54.308172434908087 ], [ -0.413193101053993, 54.308152809913835 ], [ -0.413143351241813, 54.308127896100807 ], [ -0.413095518652599, 54.308093102397315 ], [ -0.413055647619216, 54.308050332943033 ], [ -0.413031362711395, 54.308002366560892 ], [ -0.413020385542171, 54.307928518205912 ], [ -0.412849776326064, 54.307848075512204 ], [ -0.412739804197633, 54.307829568777123 ], [ -0.412707339132229, 54.307754529830305 ], [ -0.412643279714912, 54.307702462653239 ], [ -0.41239492490939, 54.307645255619661 ], [ -0.412233511214119, 54.307645836631124 ], [ -0.412152710728299, 54.30762859416869 ], [ -0.412057051970415, 54.307558116176814 ], [ -0.411885528255054, 54.307462388952899 ], [ -0.411767581674865, 54.307451829841511 ], [ -0.411722861684915, 54.307415287889121 ], [ -0.411650301340038, 54.307343334007648 ], [ -0.411599057491955, 54.307277035765566 ], [ -0.411558859428048, 54.307203701307877 ], [ -0.411542015560293, 54.307162133378775 ], [ -0.411574891495401, 54.307026852112202 ], [ -0.411575381195519, 54.306973818666492 ], [ -0.411571153791598, 54.306924336398424 ], [ -0.411541624105636, 54.306892488538992 ], [ -0.411504424351247, 54.306861447486511 ], [ -0.411140394230143, 54.306774841811574 ], [ -0.410728077528868, 54.306745150890194 ], [ -0.410464066073937, 54.306736279301496 ], [ -0.410139799147764, 54.306734693469011 ], [ -0.41008993105527, 54.306752021779367 ], [ -0.410044513897751, 54.306773902881034 ], [ -0.409954759923582, 54.30686978440027 ], [ -0.409850430859112, 54.306904353341054 ], [ -0.409786331691764, 54.306933187697915 ], [ -0.409738963366034, 54.306965801949694 ], [ -0.409697377251018, 54.307007507669141 ], [ -0.40966797721132, 54.307052070519603 ], [ -0.40965580338461, 54.307088762019404 ], [ -0.409639193022297, 54.307241326011471 ], [ -0.409608526926076, 54.307319119845694 ], [ -0.409482230206974, 54.30740555790441 ], [ -0.409444163696877, 54.307475155671419 ], [ -0.409311101190755, 54.307538125797954 ], [ -0.409250736061678, 54.307549014555178 ], [ -0.409225577850563, 54.307483958102274 ], [ -0.409201238958973, 54.307357801051388 ], [ -0.409169577205506, 54.307262107613454 ], [ -0.409112399599725, 54.307190355035821 ], [ -0.40909335220908, 54.307126277969054 ], [ -0.409094634492803, 54.307093029210165 ], [ -0.4091052375681, 54.307057224865858 ], [ -0.409138715112317, 54.306986658863224 ], [ -0.409140932441047, 54.306929163033196 ], [ -0.409129535300188, 54.306865195848985 ], [ -0.409104030520019, 54.306809141058793 ], [ -0.409031991961563, 54.306724599842049 ], [ -0.408889756655293, 54.306626540093902 ], [ -0.408826312543195, 54.30655829103749 ], [ -0.408814793081798, 54.306497908531767 ], [ -0.408853417716375, 54.306413047202959 ], [ -0.408819875050612, 54.306326308144783 ], [ -0.408680805851495, 54.306305598213513 ], [ -0.408453905338253, 54.306330477439772 ], [ -0.408287418567818, 54.306343560827159 ], [ -0.408203556410701, 54.30640537228166 ], [ -0.408308537872402, 54.306632345770872 ], [ -0.408312902447222, 54.306758239478036 ], [ -0.408245590859716, 54.30682927561589 ], [ -0.408271387507269, 54.306878134822746 ], [ -0.408306280988133, 54.306929846497361 ], [ -0.408466620796686, 54.307037107125105 ], [ -0.408548091913278, 54.307075941815988 ], [ -0.408613646166617, 54.307090298079046 ], [ -0.408659006488552, 54.307109762908482 ], [ -0.40869645797932, 54.307135424183244 ], [ -0.408716910606074, 54.30716265886489 ], [ -0.40872508852274, 54.307189731622188 ], [ -0.408707750536468, 54.307240736176674 ], [ -0.408690139564135, 54.307259370285259 ], [ -0.40865397370842, 54.307280465092433 ], [ -0.408616429127944, 54.307297056542254 ], [ -0.408549780473521, 54.307311457370524 ], [ -0.408396892832408, 54.307330113318848 ], [ -0.408213910220105, 54.307411290007501 ], [ -0.408103652347956, 54.307441294059053 ], [ -0.408030164787546, 54.307473580938954 ], [ -0.407973526434508, 54.307506979986492 ], [ -0.407917987836687, 54.307552105268833 ], [ -0.407775778768218, 54.307612247523025 ], [ -0.407671891367163, 54.307556038661843 ], [ -0.407557166013856, 54.307462852607742 ], [ -0.407459493383987, 54.307404936929082 ], [ -0.407367327100984, 54.307363254821169 ], [ -0.407320272788121, 54.307348261285846 ], [ -0.407172151371786, 54.307362484466928 ], [ -0.407088101789662, 54.30738924732367 ], [ -0.407043307850299, 54.307394929641347 ], [ -0.406992486877207, 54.307397871815603 ], [ -0.406831386834944, 54.307390351277853 ], [ -0.406777235560904, 54.307479519034658 ], [ -0.406787933962289, 54.307520098673429 ], [ -0.406828139171206, 54.307593434864494 ], [ -0.406851570635703, 54.307624304526783 ], [ -0.406907029400585, 54.30766008231457 ], [ -0.406925870760285, 54.307690010489523 ], [ -0.40692640088787, 54.30771608354484 ], [ -0.406916385215359, 54.307736624352088 ], [ -0.406897291315919, 54.307753431972642 ], [ -0.406865925779181, 54.307769196669156 ], [ -0.406799116946518, 54.307788106545949 ], [ -0.406743820624171, 54.307826915724796 ], [ -0.406689322303918, 54.307845062341094 ], [ -0.406636721558037, 54.307854272667576 ], [ -0.406602889266986, 54.307854706636242 ], [ -0.406564639932595, 54.307849716237527 ], [ -0.406519002870491, 54.307837419625045 ], [ -0.406482895537785, 54.307817168405471 ], [ -0.406454731936816, 54.307789831477145 ], [ -0.406440564459251, 54.307759084117713 ], [ -0.406453173321825, 54.307631634868102 ], [ -0.406441237486128, 54.307502935579215 ], [ -0.406373613966446, 54.307383396726856 ], [ -0.406393541890455, 54.307345001331292 ], [ -0.406357653117978, 54.307278921635969 ], [ -0.40614820519731, 54.307330093187844 ], [ -0.40574284370224, 54.30747751961124 ], [ -0.405705799594877, 54.307481524173696 ], [ -0.405635131129369, 54.307480590166819 ], [ -0.405564983184689, 54.307466189541685 ], [ -0.405504450252147, 54.307442028841571 ], [ -0.405459493130213, 54.307411764215914 ], [ -0.40534066214589, 54.307265481803206 ], [ -0.405341888480653, 54.307193600623499 ], [ -0.405506353476031, 54.30719396801058 ], [ -0.40564132791093, 54.307161587529812 ], [ -0.40578851344376, 54.307091635408646 ], [ -0.405824671920391, 54.307030992847636 ], [ -0.405939624206613, 54.306999246261711 ], [ -0.405962294473843, 54.306889888614641 ], [ -0.405905556803547, 54.306727358484189 ], [ -0.406075815011579, 54.306657701933453 ], [ -0.406143960329731, 54.306603764751962 ], [ -0.406171429728106, 54.306569082329951 ], [ -0.406198643448898, 54.306502029665296 ], [ -0.406195279236501, 54.306429180007321 ], [ -0.406188203496862, 54.306413806413005 ], [ -0.406119020454329, 54.30633469411562 ], [ -0.406179738383912, 54.306275265796579 ], [ -0.406335967966822, 54.306209018850438 ], [ -0.406377625352112, 54.306165535527278 ], [ -0.406384657550352, 54.306142249868266 ], [ -0.406382517461069, 54.306118869998514 ], [ -0.406366556763558, 54.306094372759866 ], [ -0.40633373566941, 54.306067873086647 ], [ -0.406290017589359, 54.306045741561014 ], [ -0.406238392266792, 54.306029761402201 ], [ -0.406177255608153, 54.306020873153535 ], [ -0.406120400218483, 54.30602012192314 ], [ -0.406072461452596, 54.306028467797042 ], [ -0.406011406758136, 54.306056441557857 ], [ -0.405919483973709, 54.306168470411436 ], [ -0.405811445332211, 54.306259613128219 ], [ -0.405927293395845, 54.306364527495603 ], [ -0.405869246895657, 54.306434758974326 ], [ -0.405834212992695, 54.306505294551613 ], [ -0.405675813704972, 54.306468155742046 ], [ -0.405596901801059, 54.306441945514102 ], [ -0.405448677309562, 54.306379773652317 ], [ -0.405382453255677, 54.306343834881815 ], [ -0.405291775928889, 54.306223990611635 ], [ -0.405466958595558, 54.306145402736483 ], [ -0.405567915659356, 54.306078426139315 ], [ -0.405250342071297, 54.306023902605538 ], [ -0.40517795088551, 54.306027439689018 ], [ -0.404941832968699, 54.306052181458568 ], [ -0.404819136660047, 54.306005608494075 ], [ -0.40473600672253, 54.305929924238498 ], [ -0.404552317932996, 54.305869969740144 ], [ -0.404560201091962, 54.305746017481177 ], [ -0.404626694163457, 54.305656124067816 ], [ -0.404946972743162, 54.305640594274266 ], [ -0.404814975445123, 54.305437501877542 ], [ -0.404689208017241, 54.305390906127414 ], [ -0.404514449409999, 54.30529961059959 ], [ -0.404382365303472, 54.305257398160542 ], [ -0.404342200706555, 54.305183180768886 ], [ -0.404297818219124, 54.305138541996868 ], [ -0.404239381961465, 54.305100018090897 ], [ -0.40417749486815, 54.305070445793255 ], [ -0.404113670708515, 54.305051615821711 ], [ -0.404046546332729, 54.305039033963766 ], [ -0.403937774739471, 54.305029514317731 ], [ -0.403906565864941, 54.304962596923019 ], [ -0.403988440871393, 54.304871990572323 ], [ -0.403973100395421, 54.304791782717864 ], [ -0.403951525708623, 54.304714206840139 ], [ -0.40389505333828, 54.304584028052751 ], [ -0.403770062064351, 54.30435857434518 ], [ -0.403738196488942, 54.304229601943831 ], [ -0.403955728247251, 54.304167782597354 ], [ -0.403916574404498, 54.304067485367682 ], [ -0.404034970008551, 54.304026806872443 ], [ -0.404180764426222, 54.304032331089914 ], [ -0.404372970502259, 54.304109476670227 ], [ -0.404614242123553, 54.303991325889385 ], [ -0.404600602669487, 54.303867106910396 ], [ -0.404543893653058, 54.303782765632704 ], [ -0.404679933813419, 54.30372255461026 ], [ -0.404524226888802, 54.303457128915582 ], [ -0.404474314624318, 54.303436694453026 ], [ -0.404398512554368, 54.303369187310572 ], [ -0.404334212527012, 54.30332338622717 ], [ -0.404216966922637, 54.303255321736032 ], [ -0.404218218832655, 54.303143883321198 ], [ -0.40428968419715, 54.303044150748647 ], [ -0.40466421904936, 54.303175848923914 ], [ -0.404723201482495, 54.303160441061905 ], [ -0.404791782269242, 54.303135281961119 ], [ -0.404810840804207, 54.303119355056346 ], [ -0.404827413240321, 54.30308902297346 ], [ -0.404834758016135, 54.303057661039979 ], [ -0.404827980241853, 54.303034210806047 ], [ -0.404797200646131, 54.302995145063853 ], [ -0.404765618168435, 54.302977640625095 ], [ -0.404713981209791, 54.302961677600436 ], [ -0.404665053752361, 54.302954738693003 ], [ -0.404499030825943, 54.302956147103998 ], [ -0.404401547150405, 54.302893728171092 ], [ -0.404497241471515, 54.302724225174636 ], [ -0.404656752103237, 54.302653529683447 ], [ -0.404710345959785, 54.30257872775109 ], [ -0.404874409775172, 54.302588995923806 ], [ -0.405008833107767, 54.302649206444372 ], [ -0.405096170200168, 54.302617095556421 ], [ -0.405212117710243, 54.302559296794762 ], [ -0.40531804114057, 54.302482498950567 ], [ -0.405366137568075, 54.302431002634066 ], [ -0.405406915695929, 54.302370430237204 ], [ -0.40543065830636, 54.302313218959576 ], [ -0.405447375759881, 54.302198389661896 ], [ -0.405485274690001, 54.302132377206334 ], [ -0.405520441296358, 54.302096897843846 ], [ -0.405577371537066, 54.302055405351645 ], [ -0.405739748622202, 54.301950581794358 ], [ -0.405796161748457, 54.301921665991713 ], [ -0.405915990114112, 54.301923249652226 ], [ -0.406060799242968, 54.301993474409798 ], [ -0.406100335530903, 54.302004791802879 ], [ -0.406152249830651, 54.302013558273927 ], [ -0.406205942797422, 54.30201606540016 ], [ -0.406255285496588, 54.30201223219948 ], [ -0.406301718524051, 54.302002958564749 ], [ -0.406387675320074, 54.30196633436455 ], [ -0.406495373979427, 54.301883267144213 ], [ -0.406495039276557, 54.301813144968499 ], [ -0.406546502117274, 54.301753612178423 ], [ -0.406678747698318, 54.301712215263841 ], [ -0.406706074888863, 54.30168111717208 ], [ -0.406724170349272, 54.301649897133437 ], [ -0.406692695763346, 54.30162880828658 ], [ -0.406591461199717, 54.301584318173497 ], [ -0.406537238193103, 54.301555756109366 ], [ -0.406492406084521, 54.301522796965614 ], [ -0.406467299452248, 54.301496399201852 ], [ -0.406426927124328, 54.301427554723595 ], [ -0.406165848837344, 54.301184117496774 ], [ -0.406243151866303, 54.301172555298386 ], [ -0.406488148990319, 54.301155119091661 ], [ -0.406530703426098, 54.301088268986788 ], [ -0.406172707709616, 54.300887603054754 ], [ -0.406136765067635, 54.300862850705187 ], [ -0.406111936341629, 54.300829274877039 ], [ -0.406105417162887, 54.300799518335964 ], [ -0.406110911823444, 54.30077623033776 ], [ -0.40614638973715, 54.300732647458403 ], [ -0.406177853901105, 54.300714196764282 ], [ -0.406338389078103, 54.300656087271307 ], [ -0.406421958844117, 54.300561025512316 ], [ -0.406467847329957, 54.300487019842329 ], [ -0.406588607934246, 54.300464355741774 ], [ -0.40672471421788, 54.300361871345359 ], [ -0.406741679324184, 54.300360306765434 ], [ -0.406850404291141, 54.30037073116624 ], [ -0.406990790387895, 54.300436402276226 ], [ -0.407177247566696, 54.300463124085226 ], [ -0.407243112772068, 54.300508953337093 ], [ -0.407296006964964, 54.300532104565534 ], [ -0.407355306632931, 54.300548167680915 ], [ -0.407425755235365, 54.300554490835452 ], [ -0.407612098039, 54.300544376388267 ], [ -0.407685896060244, 54.300543552965912 ], [ -0.407822374028064, 54.300551646361477 ], [ -0.407954965056013, 54.300500365498628 ], [ -0.407980704434795, 54.300470144996346 ], [ -0.407998710104766, 54.300441611087649 ], [ -0.407927691887011, 54.300411021318141 ], [ -0.407842014896008, 54.30036046374579 ], [ -0.407798996353472, 54.300320338376054 ], [ -0.407763761571407, 54.300277628237254 ], [ -0.407746611872745, 54.300244154115731 ], [ -0.40773593461839, 54.30020264899435 ], [ -0.407725373789374, 54.300078479976797 ], [ -0.407782762996082, 54.299945311819393 ], [ -0.40777111836594, 54.299928080327135 ], [ -0.407741522904088, 54.299898936063357 ], [ -0.407689116005178, 54.299863171878052 ], [ -0.407622834239779, 54.299828150292889 ], [ -0.407425672064542, 54.299759923633218 ], [ -0.407418175577309, 54.29967623341777 ], [ -0.40770681461525, 54.299603652506484 ], [ -0.407752051692498, 54.299586264078762 ], [ -0.407791251723074, 54.299565227586093 ], [ -0.407851749116546, 54.299511188513584 ], [ -0.407873569346157, 54.299463838521689 ], [ -0.407835602766293, 54.29937166564676 ], [ -0.407754285718389, 54.299329246027149 ], [ -0.407705301730916, 54.299283648878706 ], [ -0.407684080299535, 54.299236629542442 ], [ -0.407689355590214, 54.299179174029256 ], [ -0.407702733684988, 54.299151477901837 ], [ -0.407734889615102, 54.299115050342166 ], [ -0.407785549934713, 54.299076179539576 ], [ -0.407834066299375, 54.299053441388615 ], [ -0.40789633586779, 54.29903270938194 ], [ -0.4079127199607, 54.29900596072855 ], [ -0.407926236495587, 54.298974671082149 ], [ -0.407924758690491, 54.298933314359864 ], [ -0.407920243990379, 54.298891009733254 ], [ -0.407903719333734, 54.298841346947796 ], [ -0.407904783054625, 54.298773948696827 ], [ -0.407918595420157, 54.29873459145697 ], [ -0.407944731024518, 54.298694471078122 ], [ -0.407981512818479, 54.298657223657607 ], [ -0.408046358464309, 54.298609533696236 ], [ -0.408083025823012, 54.298535414705192 ], [ -0.408163318801436, 54.298485241053591 ], [ -0.408262808231374, 54.298495542326862 ], [ -0.408274305588547, 54.298556823518041 ], [ -0.40824696509904, 54.298707466244466 ], [ -0.408440957144474, 54.298618336451895 ], [ -0.408485176280575, 54.298587460854179 ], [ -0.408517123182829, 54.298556423314828 ], [ -0.408531901443243, 54.298531451051915 ], [ -0.408539346124574, 54.29849740270884 ], [ -0.408523583132446, 54.298427975787291 ], [ -0.408375850068877, 54.298234566537502 ], [ -0.408444374085917, 54.29817076393131 ], [ -0.408460907843747, 54.298141311699162 ], [ -0.408471474363248, 54.298106405720539 ], [ -0.408471274392095, 54.298071348689483 ], [ -0.408446087898928, 54.298007199379917 ], [ -0.408410508215556, 54.297973464173211 ], [ -0.408361119996048, 54.297939564716593 ], [ -0.408295996141505, 54.297914427915025 ], [ -0.408127922405779, 54.297929296590205 ], [ -0.408080343976479, 54.297927760828813 ], [ -0.407973557287371, 54.29790748492875 ], [ -0.407901991182943, 54.297572175275107 ], [ -0.407939647617033, 54.297472003284355 ], [ -0.408050660674135, 54.297382695633374 ], [ -0.408191478378049, 54.297397128786159 ], [ -0.408200584262783, 54.297559038485581 ], [ -0.408273849042052, 54.297612137540092 ], [ -0.408429888367502, 54.297510831116398 ], [ -0.408473124432176, 54.297465570251035 ], [ -0.408476647004446, 54.297453922944605 ], [ -0.408469637367249, 54.297356765727876 ], [ -0.408453458762977, 54.297298128253921 ], [ -0.408420558638711, 54.297234775975276 ], [ -0.408376823423542, 54.297173060392907 ], [ -0.408311754203843, 54.297107494903884 ], [ -0.408217365468561, 54.297045119790823 ], [ -0.408187322217258, 54.296946759733565 ], [ -0.408069756888932, 54.29688768293552 ], [ -0.408079362920427, 54.296717939685784 ], [ -0.408037543275979, 54.296527725428909 ], [ -0.407941212914272, 54.296435663036817 ], [ -0.407890113570952, 54.296445774503994 ], [ -0.407886777431052, 54.296572474608517 ], [ -0.407798000257805, 54.29664230136224 ], [ -0.407671407187647, 54.296498632862018 ], [ -0.407620264310208, 54.296550089862777 ], [ -0.407556513025353, 54.296688557985902 ], [ -0.407457966623677, 54.296852632755702 ], [ -0.40741733654136, 54.296989626399984 ], [ -0.4073360491284, 54.297025405128444 ], [ -0.407246819006904, 54.296988273614836 ], [ -0.407183000894494, 54.296890348133019 ], [ -0.407010714135985, 54.296854825059427 ], [ -0.406920142362055, 54.296892269560807 ], [ -0.406863553699622, 54.296886129136766 ], [ -0.406828262239329, 54.296724781226722 ], [ -0.406815876133977, 54.296607778578114 ], [ -0.406814257183544, 54.296490900172657 ], [ -0.406868434651314, 54.29588400599139 ], [ -0.406947742317873, 54.295739442871486 ], [ -0.406970393787574, 54.295670532053776 ], [ -0.406979940624257, 54.295543033114463 ], [ -0.406965221643251, 54.295446654788172 ], [ -0.407037172069446, 54.295214798821704 ], [ -0.407017472771043, 54.29508781243625 ], [ -0.465011021629182, 54.29583980768605 ], [ -0.464676775766257, 54.304823779549189 ], [ -0.58757970761032, 54.306325385801514 ], [ -0.587272031517389, 54.315309836825676 ], [ -0.618006176914796, 54.31566579473818 ], [ -0.615592331067383, 54.387541813710385 ] ] ] ] } },
{ "type": "Feature", "properties": { "licence_no": "PEDL347", "licence_orgs": "CUADRILLA RESOURCES, HEYCO ENERGY " }, "geometry": { "type": "MultiPolygon", "coordinates": [ [ [ [ -0.444131709476161, 54.115804575645768 ], [ -0.43521926810447, 54.169619946978571 ], [ -0.316558482207057, 54.168019711384467 ], [ -0.318743402423836, 54.114118338049401 ], [ -0.444131709476161, 54.115804575645768 ] ] ] ] } },
{ "type": "Feature", "properties": { "licence_no": "PEDL316", "licence_orgs": "HEYCO ENERGY, STAR ENERGY  " }, "geometry": { "type": "MultiPolygon", "coordinates": [ [ [ [ -0.801222534716363, 53.294487016462895 ], [ -0.777682141509507, 53.293951482346856 ], [ -0.774563919776193, 53.310639570492086 ], [ -0.755747893540892, 53.310444824753745 ], [ -0.754177706841565, 53.364363996082517 ], [ -0.799249269423978, 53.364825854200994 ], [ -0.798526161950563, 53.390527572253518 ], [ -0.769893488168365, 53.387449403139584 ], [ -0.768570944262775, 53.387426781952904 ], [ -0.766327079804678, 53.387026074592193 ], [ -0.753263414908676, 53.387960101617409 ], [ -0.752152048336359, 53.38740015195912 ], [ -0.744975385803376, 53.390614981152432 ], [ -0.73829919272508, 53.393142503277332 ], [ -0.732513468983205, 53.400092803665203 ], [ -0.72800725131108, 53.405438405755142 ], [ -0.755113287699199, 53.425050692618285 ], [ -0.754807135641959, 53.425227284290102 ], [ -0.750729158669842, 53.425724053573823 ], [ -0.745867083048152, 53.427291151060707 ], [ -0.742519890559307, 53.428514442474416 ], [ -0.73779701730664, 53.430442244481817 ], [ -0.736418817338766, 53.431236697290849 ], [ -0.733501101206312, 53.433183411181275 ], [ -0.73048619167248, 53.433331192996008 ], [ -0.725652081145766, 53.433908964032597 ], [ -0.722021696719231, 53.434499423050426 ], [ -0.719302220345316, 53.434829866250837 ], [ -0.71719546212392, 53.434807262414267 ], [ -0.714927381413293, 53.435142452474835 ], [ -0.712664696805999, 53.435297874567816 ], [ -0.711146262800697, 53.435730960442875 ], [ -0.706035222238754, 53.435495926823087 ], [ -0.704374428596174, 53.435657709878917 ], [ -0.70383537520971, 53.433584353416734 ], [ -0.702773824202398, 53.433842505966069 ], [ -0.702891470091919, 53.434922483944298 ], [ -0.696390501235097, 53.435840530029743 ], [ -0.695189373822822, 53.43573752532938 ], [ -0.691939420075742, 53.433724364342417 ], [ -0.685126354059857, 53.434997947453944 ], [ -0.676835944701833, 53.435355870258434 ], [ -0.701118960761841, 53.423936425573451 ], [ -0.700203443057265, 53.409543748045856 ], [ -0.69633348827713, 53.40916896660535 ], [ -0.695366395561866, 53.408816815971456 ], [ -0.694392165241656, 53.40869829901645 ], [ -0.692785481865436, 53.40859982087737 ], [ -0.68744503366803, 53.408595182693198 ], [ -0.684955794708052, 53.408334079419717 ], [ -0.675636900859707, 53.407098459825022 ], [ -0.673696464980379, 53.406609485297118 ], [ -0.670101909714176, 53.406102070378843 ], [ -0.657052265805526, 53.406333586691446 ], [ -0.650058543710954, 53.406290693221045 ], [ -0.650119489829089, 53.403414816136994 ], [ -0.649724432683922, 53.401639463235021 ], [ -0.648674444842984, 53.399173513743818 ], [ -0.64793454174793, 53.397367282443085 ], [ -0.649271486974655, 53.355132653004219 ], [ -0.653800077957244, 53.354464667979627 ], [ -0.658475902254973, 53.353888059957448 ], [ -0.663760803217332, 53.353048409747508 ], [ -0.66739062294748, 53.352279952165148 ], [ -0.671927018074378, 53.351341689190356 ], [ -0.673224112494371, 53.309555632446475 ], [ -0.650718400153627, 53.309303220388422 ], [ -0.651284736373309, 53.291330789692211 ], [ -0.673781007317409, 53.291583037573389 ], [ -0.674142668541534, 53.27990081950184 ], [ -0.801592966527707, 53.281249520238283 ], [ -0.801222534716363, 53.294487016462895 ] ] ] ] } },
{ "type": "Feature", "properties": { "licence_no": "PEDL273", "licence_orgs": "HEYCO ENERGY, STAR ENERGY  " }, "geometry": { "type": "MultiPolygon", "coordinates": [ [ [ [ -1.246212682118089, 53.584212417532136 ], [ -1.397254291922578, 53.585068325448852 ], [ -1.548302804503763, 53.585733567510843 ], [ -1.547534927265773, 53.657637100011989 ], [ -1.530891046115498, 53.657573090058889 ], [ -1.530791286601752, 53.666560949038299 ], [ -1.54743870888153, 53.666624979904874 ], [ -1.547342438431345, 53.675612846097664 ], [ -1.395972631995658, 53.674945428159475 ], [ -1.386890647358794, 53.674899299885681 ], [ -1.386923256563706, 53.672652392898421 ], [ -1.371787477431493, 53.672573988540059 ], [ -1.371754062945113, 53.674820889123446 ], [ -1.244609778748279, 53.674086720871927 ], [ -1.246212682118089, 53.584212417532136 ] ], [ [ -1.3366538321222, 53.596432806856818 ], [ -1.321545458985399, 53.596348133336875 ], [ -1.32140147952993, 53.605335755767364 ], [ -1.336513059582031, 53.605420456931697 ], [ -1.3366538321222, 53.596432806856818 ] ], [ [ -1.428801949070309, 53.597986547406506 ], [ -1.428680731997123, 53.606974350971711 ], [ -1.443793199641179, 53.60704550759791 ], [ -1.443911209230957, 53.598057680805553 ], [ -1.428801949070309, 53.597986547406506 ] ], [ [ -1.396428414714639, 53.64303921465396 ], [ -1.388260796875735, 53.642997778272722 ], [ -1.388130759218439, 53.651985448100703 ], [ -1.396300113738796, 53.652026898017326 ], [ -1.403259209488958, 53.652061767605524 ], [ -1.403386031057825, 53.643074072855569 ], [ -1.396428414714639, 53.64303921465396 ] ], [ [ -1.336922416253244, 53.656476752814932 ], [ -1.336781391963028, 53.665464312616301 ], [ -1.351914521189763, 53.665547133594494 ], [ -1.352052326908321, 53.656559546744546 ], [ -1.336922416253244, 53.656476752814932 ] ] ] ] } },
{ "type": "Feature", "properties": { "licence_no": "PEDL327", "licence_orgs": "SOUTH WESTERN ENERGY " }, "geometry": { "type": "MultiPolygon", "coordinates": [ [ [ [ -2.191141682077801, 50.709477326242336 ], [ -2.191273624459253, 50.741850730248345 ], [ -2.143088069740525, 50.741919917595453 ], [ -2.142989319735833, 50.709546434389061 ], [ -2.171314261854245, 50.709508190981524 ], [ -2.171117619663828, 50.655552056058511 ], [ -2.142825139476792, 50.655590226552818 ], [ -2.142737863935027, 50.626840354960827 ], [ -2.151218906059816, 50.626353018271637 ], [ -2.154575612518236, 50.619603984769611 ], [ -2.186931614702418, 50.619556493631364 ], [ -2.187731713937722, 50.619922104163436 ], [ -2.189393733283544, 50.620536319211332 ], [ -2.190429461335945, 50.620822534334359 ], [ -2.190782092933864, 50.620944133331157 ], [ -2.191141682077801, 50.709477326242336 ] ] ] ] } },
{ "type": "Feature", "properties": { "licence_no": "PEDL120", "licence_orgs": "INEOS INDUSTRIES" }, "geometry": { "type": "MultiPolygon", "coordinates": [ [ [ [ -0.634265933669747, 54.288886917569258 ], [ -0.618908641795836, 54.288712046599784 ], [ -0.588194554035815, 54.288356439771576 ], [ -0.588885451257709, 54.268141305385321 ], [ -0.619584517396833, 54.268496649200152 ], [ -0.634934298046258, 54.268671390830498 ], [ -0.634265933669747, 54.288886917569258 ] ] ] ] } },
{ "type": "Feature", "properties": { "licence_no": "PEDL183", "licence_orgs": "RATHLIN ENERGY, REABOLD RESOURCES, UNION JACK OIL " }, "geometry": { "type": "MultiPolygon", "coordinates": [ [ [ [ -0.633441406420984, 53.848448868183198 ], [ -0.481492608858725, 53.846622240668829 ], [ -0.478232117356918, 53.936468731453701 ], [ -0.32597504667805, 53.934443148826475 ], [ -0.173737532002784, 53.932224653661478 ], [ -0.171454127222673, 53.932189907976046 ], [ -0.171019539834933, 53.931262550024641 ], [ -0.170431786057575, 53.930326025084788 ], [ -0.170395651640602, 53.929954445709299 ], [ -0.169401250553837, 53.928733452842678 ], [ -0.168614976032215, 53.927546542611402 ], [ -0.168062084673308, 53.927012482939652 ], [ -0.167718623722216, 53.926481621749502 ], [ -0.167165757666696, 53.92594755806681 ], [ -0.166276257347162, 53.924728132841764 ], [ -0.165786617148525, 53.923947678487792 ], [ -0.16553842566532, 53.923634697702155 ], [ -0.165079482156692, 53.923349413404438 ], [ -0.164592600389241, 53.922507155801327 ], [ -0.163905837935002, 53.921445407586695 ], [ -0.163104930121878, 53.920598346628438 ], [ -0.162451587823364, 53.919969965186034 ], [ -0.162064048086002, 53.919252896767958 ], [ -0.161567769935577, 53.918626914162076 ], [ -0.161283586109447, 53.917942342680249 ], [ -0.160598338464523, 53.916849679498021 ], [ -0.159960036621371, 53.91588140636906 ], [ -0.159732317591948, 53.915104938316922 ], [ -0.159314278704495, 53.91389268146245 ], [ -0.15869643265937, 53.912460926018269 ], [ -0.158114658787014, 53.911400750869184 ], [ -0.157476485667556, 53.91043246470241 ], [ -0.156222628655513, 53.909176448099529 ], [ -0.156202967339574, 53.908434084244959 ], [ -0.155756504743233, 53.907870685838915 ], [ -0.155174857542554, 53.906810496657712 ], [ -0.155145682929517, 53.906284419072541 ], [ -0.15476520014321, 53.905412834077367 ], [ -0.154528095424705, 53.904852642669667 ], [ -0.154234579329028, 53.904384341250015 ], [ -0.153909177209452, 53.90345176492896 ], [ -0.153515126348273, 53.902889157656979 ], [ -0.15268153603956, 53.901608640588101 ], [ -0.15138531518014, 53.900135483561911 ], [ -0.150429471010555, 53.89925502160208 ], [ -0.149582390879971, 53.898283470203225 ], [ -0.148848179548678, 53.897128136923101 ], [ -0.14815266438575, 53.896282587280901 ], [ -0.147615474125883, 53.895408559010519 ], [ -0.146519289466587, 53.894154865813533 ], [ -0.145815661539982, 53.893494697970468 ], [ -0.144598532954107, 53.892610145019127 ], [ -0.143808142485521, 53.89154666800129 ], [ -0.143010932847471, 53.890637678643593 ], [ -0.142315641051071, 53.889792096165529 ], [ -0.14142211890657, 53.888696088401389 ], [ -0.140530014751416, 53.887569172370348 ], [ -0.140384078537567, 53.887319559677721 ], [ -0.140291824628407, 53.887039855473837 ], [ -0.140615240160534, 53.886828431758758 ], [ -0.140580761468491, 53.886425941385276 ], [ -0.139793330500169, 53.885300645941712 ], [ -0.138447125921953, 53.88379564083283 ], [ -0.137899316011963, 53.883168757610669 ], [ -0.136951006496586, 53.882133698894357 ], [ -0.13595181684599, 53.881066924305941 ], [ -0.135106817107197, 53.880064377593165 ], [ -0.134023783600728, 53.87853249052408 ], [ -0.132621572929356, 53.877119303206335 ], [ -0.131059844984373, 53.87576545538149 ], [ -0.129045571431547, 53.874002579633427 ], [ -0.127191078754021, 53.872180320986374 ], [ -0.125489444289631, 53.870453183971165 ], [ -0.123376638436913, 53.868564986832595 ], [ -0.122679324401094, 53.867781091624288 ], [ -0.122557086106259, 53.867006190619335 ], [ -0.121858437770091, 53.866253187090216 ], [ -0.121254665409017, 53.865718105735681 ], [ -0.120077269783864, 53.865143112799082 ], [ -0.119073372146893, 53.864199791852897 ], [ -0.117868746849142, 53.863067795827241 ], [ -0.11706570204042, 53.862313130773082 ], [ -0.116679452526379, 53.861595914851002 ], [ -0.116330222367842, 53.86121939696487 ], [ -0.115817248748044, 53.860994907168035 ], [ -0.115227517118385, 53.860150813867691 ], [ -0.114333932099597, 53.859085506589679 ], [ -0.112121834715415, 53.857102785931218 ], [ -0.109599160027069, 53.855053288185459 ], [ -0.107181242829496, 53.853005387623824 ], [ -0.105417779959057, 53.851524328349853 ], [ -0.104512058443987, 53.850737024377622 ], [ -0.1037687230203, 53.849828607890124 ], [ -0.10295919556619, 53.849228336109121 ], [ -0.101538031395153, 53.848278261974372 ], [ -0.099976968919425, 53.846954922334689 ], [ -0.098208409758279, 53.845597348828903 ], [ -0.096997867399944, 53.844619639266206 ], [ -0.096078430043654, 53.844141253279695 ], [ -0.095322768383472, 53.843510859153668 ], [ -0.094524708437399, 53.842663354696924 ], [ -0.093514897156027, 53.841874310344785 ], [ -0.093116594204099, 53.841435104968724 ], [ -0.092284515751026, 53.841064936841988 ], [ -0.091042263854614, 53.840434904266587 ], [ -0.090618033742061, 53.839862245338786 ], [ -0.089862407227971, 53.839151150838831 ], [ -0.08904147551226, 53.838638750239426 ], [ -0.088232696766434, 53.837860222133649 ], [ -0.086659316046423, 53.836570163311023 ], [ -0.085361164787103, 53.835417639413265 ], [ -0.083943011143972, 53.834429619048038 ], [ -0.083138955426336, 53.833551265894506 ], [ -0.082556837008532, 53.832743031089507 ], [ -0.081942809620397, 53.832633349942867 ], [ -0.081622133113384, 53.832262047024585 ], [ -0.081365288174002, 53.831725318088623 ], [ -0.080760414112005, 53.831416042878786 ], [ -0.080395686753508, 53.830777721054396 ], [ -0.079970175732534, 53.830238289469854 ], [ -0.079108530873506, 53.829392273825206 ], [ -0.078139033458264, 53.828444659095311 ], [ -0.076663533218388, 53.827488917890236 ], [ -0.076122602549676, 53.827014202769185 ], [ -0.075856711041772, 53.826677050329117 ], [ -0.07587500623106, 53.826277874642528 ], [ -0.07538879899447, 53.825837321996786 ], [ -0.074674657309107, 53.8254596796315 ], [ -0.073904296001331, 53.825081135551187 ], [ -0.073810163425802, 53.824680159913385 ], [ -0.073456282835713, 53.823808966338667 ], [ -0.073208750944198, 53.823072632898445 ], [ -0.072889749930485, 53.822668043662546 ], [ -0.071694135266718, 53.821750023068574 ], [ -0.069904637376569, 53.82028982225696 ], [ -0.069152777296575, 53.819512074000095 ], [ -0.067466704577044, 53.818253229663767 ], [ -0.065788392896794, 53.816828038852634 ], [ -0.064378988014462, 53.815673475730371 ], [ -0.062968126155054, 53.814552160049558 ], [ -0.061494991182935, 53.81356297923724 ], [ -0.06050781981227, 53.813014393915097 ], [ -0.059867136488891, 53.812271670618749 ], [ -0.05894698120977, 53.811491137574194 ], [ -0.058240909658984, 53.81094708232645 ], [ -0.057820493929692, 53.810307778814675 ], [ -0.057621831105672, 53.809738647865643 ], [ -0.056851911104355, 53.809359997142373 ], [ -0.056759511907576, 53.808925745389402 ], [ -0.055697836294316, 53.808775377680632 ], [ -0.05510425182105, 53.808233126835148 ], [ -0.054735497244942, 53.807694525663898 ], [ -0.055030353489845, 53.807399701794495 ], [ -0.054084201126586, 53.807184621687639 ], [ -0.053426765083935, 53.806807768030843 ], [ -0.05322354383946, 53.80633842564832 ], [ -0.052192790502943, 53.805522748698074 ], [ -0.05138377144422, 53.804777248243333 ], [ -0.051339918636455, 53.804510222620607 ], [ -0.050896524036491, 53.804369857142184 ], [ -0.050579420314365, 53.803931947111742 ], [ -0.05019068453294, 53.803825755978764 ], [ -0.049698827417948, 53.803518155651318 ], [ -0.049708091292767, 53.803318575564646 ], [ -0.049269347697903, 53.803078414159955 ], [ -0.048782140301498, 53.80267101470735 ], [ -0.04868365878541, 53.802369810468967 ], [ -0.047556155396514, 53.801219627005288 ], [ -0.046302426478572, 53.800366977601371 ], [ -0.045821466103974, 53.799826518725823 ], [ -0.045279679711846, 53.79938492627668 ], [ -0.04493279205889, 53.798380599111738 ], [ -0.044508057411879, 53.797841045815282 ], [ -0.043469927525788, 53.797191612297418 ], [ -0.042940600199955, 53.79648390368876 ], [ -0.042395796878595, 53.796108830712249 ], [ -0.042080383135405, 53.795637630115586 ], [ -0.040929990435897, 53.794986345874086 ], [ -0.039959034238617, 53.794104958323693 ], [ -0.038277952121006, 53.792779183306131 ], [ -0.037311761308022, 53.791797985405999 ], [ -0.035791618185413, 53.790641256705257 ], [ -0.034866158493603, 53.789993596862253 ], [ -0.034611713408912, 53.789423508645562 ], [ -0.034087297533231, 53.788615967428022 ], [ -0.032570470312816, 53.787392672859497 ], [ -0.031261275471751, 53.786538948669751 ], [ -0.029752398749773, 53.785149298620595 ], [ -0.028387728027787, 53.784026947635738 ], [ -0.027579956845617, 53.783240229518611 ], [ -0.026482696051486, 53.782553242924386 ], [ -0.025540721946028, 53.781996221477897 ], [ -0.02460923954104, 53.78121638533279 ], [ -0.023000111841318, 53.779979418889049 ], [ -0.021856753899745, 53.779132359743613 ], [ -0.021022392098259, 53.778577071702365 ], [ -0.020407501714932, 53.777929845389451 ], [ -0.019789632856421, 53.777346272825362 ], [ -0.018752380031946, 53.776532791287345 ], [ -0.017604709154078, 53.775781180730327 ], [ -0.016500300139241, 53.775253249659713 ], [ -0.015133262243152, 53.774593541521092 ], [ -0.014248348186393, 53.773973666525322 ], [ -0.013688866422327, 53.773295465924825 ], [ -0.013020431076067, 53.772647312444789 ], [ -0.012669876192739, 53.772099982641258 ], [ -0.012255087733906, 53.771774567292766 ], [ -0.011464188321994, 53.771442911521959 ], [ -0.010640651959795, 53.770664752511813 ], [ -0.009660490789884, 53.76978842985303 ], [ -0.008370060110945, 53.768652106756548 ], [ -0.007689721102723, 53.768258555706581 ], [ -0.006615804677295, 53.767093960806534 ], [ -0.005631274287809, 53.766313087917091 ], [ -0.004708051878056, 53.765373957955724 ], [ -0.003568476622766, 53.764463072919263 ], [ -0.001965137292639, 53.763130344926402 ], [ -0.000099369919989, 53.76166579695154 ], [ 0.001345637281759, 53.760399371049964 ], [ 0.002990264831268, 53.758811051609875 ], [ 0.004493344159705, 53.7576391780553 ], [ 0.005947178131365, 53.756563666546455 ], [ 0.009313676043551, 53.753895241423066 ], [ 0.011324550083482, 53.752109534268634 ], [ 0.013602236859517, 53.750287457897095 ], [ 0.015340040549776, 53.749408746210584 ], [ 0.016407823770775, 53.748945325344579 ], [ 0.01665655727217, 53.748275340786712 ], [ 0.017681358557224, 53.747392556274121 ], [ 0.018438290038255, 53.746780593491508 ], [ 0.019204780123073, 53.746368205034592 ], [ 0.01968429258565, 53.745827486617735 ], [ 0.020720145826152, 53.745177518218988 ], [ 0.021299085303184, 53.744368797379892 ], [ 0.022770993011651, 53.743445135314666 ], [ 0.024060109202226, 53.742224933997711 ], [ 0.025690613962101, 53.741098814804118 ], [ 0.026928280710138, 53.739979318464385 ], [ 0.028454414833703, 53.739021377216652 ], [ 0.029201433882, 53.738209770060564 ], [ 0.030286642433987, 53.737425717180507 ], [ 0.030767516610214, 53.736918223419742 ], [ 0.031341330477267, 53.736009664231027 ], [ 0.031857416450774, 53.735068797106592 ], [ 0.032993786787453, 53.734183982773807 ], [ 0.033251798930215, 53.733713548857658 ], [ 0.034455445073746, 53.733060603483835 ], [ 0.035383388323491, 53.732512203077981 ], [ 0.035695860811322, 53.732007548964702 ], [ 0.036774357449342, 53.73109039105352 ], [ 0.037857634286701, 53.730273009685078 ], [ 0.038557885403783, 53.729661877576319 ], [ 0.039213285941344, 53.729284530120687 ], [ 0.04044702887956, 53.728098374608805 ], [ 0.041472457939404, 53.727248654842825 ], [ 0.042318297914754, 53.726168961693944 ], [ 0.043824223718268, 53.724811676569843 ], [ 0.044729267453981, 53.72379753394938 ], [ 0.046127713208199, 53.722541920856727 ], [ 0.04738207524562, 53.721788111250532 ], [ 0.048568984547273, 53.720802404405326 ], [ 0.049709476229106, 53.72001722719731 ], [ 0.051343289953023, 53.718990554752132 ], [ 0.052696645490275, 53.717968670801838 ], [ 0.053828879658237, 53.717017141283343 ], [ 0.054797698753319, 53.716168272342514 ], [ 0.056636061729219, 53.714738536019603 ], [ 0.058048471066316, 53.713782148585281 ], [ 0.058965936833354, 53.7130340007039 ], [ 0.059854932090323, 53.712852263280503 ], [ 0.061094115484663, 53.711798954007115 ], [ 0.062496561969671, 53.710642945924718 ], [ 0.063374095376826, 53.710228346435315 ], [ 0.064235325759827, 53.70948112513652 ], [ 0.064707332785062, 53.708807186493075 ], [ 0.065149330144592, 53.708666402731311 ], [ 0.067069169490991, 53.707767739660909 ], [ 0.067654985543573, 53.706898739149821 ], [ 0.068697890437047, 53.705282794824647 ], [ 0.069547490176344, 53.704302700915242 ], [ 0.070829180568886, 53.702982228171386 ], [ 0.071907821806216, 53.702098025155841 ], [ 0.072884112557401, 53.701415321685452 ], [ 0.072539611789463, 53.70125483504448 ], [ 0.072526534731146, 53.700988738200593 ], [ 0.074053500422713, 53.700096755967493 ], [ 0.075059167937439, 53.700012751276219 ], [ 0.074760912829111, 53.699651725928661 ], [ 0.07506939563422, 53.699080445160114 ], [ 0.075766958409321, 53.698435841080311 ], [ 0.076581509045233, 53.697889073570522 ], [ 0.077105964022806, 53.697147593363155 ], [ 0.077973241612414, 53.696533316473051 ], [ 0.078298047921432, 53.696294651976586 ], [ 0.078558618229142, 53.695890641681288 ], [ 0.0800226677378, 53.694866512950185 ], [ 0.081705901856386, 53.69373868093836 ], [ 0.083817658016104, 53.692203885298909 ], [ 0.085553435250955, 53.691008503092412 ], [ 0.086595158622587, 53.690524287868811 ], [ 0.087231431412481, 53.689780806518911 ], [ 0.086880392222229, 53.689487310288754 ], [ 0.087249621200025, 53.689014811786308 ], [ 0.087857797145959, 53.688837755054664 ], [ 0.088604446286045, 53.688059056940034 ], [ 0.089855371136572, 53.687271548878527 ], [ 0.091384782016248, 53.686445873975316 ], [ 0.092732823462903, 53.685357023991337 ], [ 0.093762781634384, 53.684639920340913 ], [ 0.095298617815139, 53.683947246576004 ], [ 0.096761848503691, 53.682922913591753 ], [ 0.098065197686659, 53.682067818754668 ], [ 0.099669894883497, 53.680508324891392 ], [ 0.10199946822351, 53.678869499683131 ], [ 0.103879035546005, 53.677205250652875 ], [ 0.104934768881032, 53.675888356954495 ], [ 0.106053082222244, 53.674703518058045 ], [ 0.10418164497116, 53.675402233239282 ], [ 0.105255562989308, 53.6744512177684 ], [ 0.106021553191171, 53.674071550748067 ], [ 0.106495826837046, 53.673463975551648 ], [ 0.108155912478705, 53.671903380817618 ], [ 0.109496423371949, 53.670681304685033 ], [ 0.111729687522533, 53.669376889176483 ], [ 0.112818272870588, 53.668725160237479 ], [ 0.114431919205763, 53.667365039790951 ], [ 0.1165311822451, 53.66563011497815 ], [ 0.117393500424119, 53.664492121766763 ], [ 0.117055790879671, 53.657755605427688 ], [ -0.034166181483181, 53.660334331983577 ], [ -0.169680317056567, 53.662482709410213 ], [ -0.170093782990154, 53.662686477350597 ], [ -0.171421289607035, 53.663544293248428 ], [ -0.172215016917843, 53.664123776384464 ], [ -0.172734832366733, 53.664726091766845 ], [ -0.173440012294572, 53.665250174452822 ], [ -0.175018273790611, 53.666625102258038 ], [ -0.176302871679999, 53.667428172828814 ], [ -0.177671457149411, 53.668394612668038 ], [ -0.17862626156429, 53.669462807647712 ], [ -0.179240659424967, 53.669985479252553 ], [ -0.179731473392353, 53.670209081642199 ], [ -0.179765301667852, 53.670479765665526 ], [ -0.179757154278396, 53.670668764470101 ], [ -0.180336587521548, 53.670947740963911 ], [ -0.181001148969261, 53.671363095355609 ], [ -0.182599639853431, 53.672278933813267 ], [ -0.18424133897465, 53.673249440487858 ], [ -0.184928148578764, 53.673951694519332 ], [ -0.181540751778877, 53.75255786310926 ], [ -0.24217341238193, 53.753462468875547 ], [ -0.240671286263703, 53.789397506111328 ], [ -0.301358959718088, 53.790272595800886 ], [ -0.300995876953074, 53.799256602899682 ], [ -0.316171531513125, 53.79947064805075 ], [ -0.31545125997842, 53.817438756586974 ], [ -0.330633594945018, 53.817651020893713 ], [ -0.345816123618738, 53.817861364252479 ], [ -0.346169869921818, 53.808877179391388 ], [ -0.391708868872627, 53.809496480648761 ], [ -0.392052696899093, 53.800512078137359 ], [ -0.407229496206722, 53.800714604644021 ], [ -0.407569897156784, 53.791730120852712 ], [ -0.453091673110158, 53.792325985512669 ], [ -0.453752491740644, 53.774356583294896 ], [ -0.468920300745175, 53.774551238604403 ], [ -0.469573933288701, 53.756581649352441 ], [ -0.48473544912856, 53.756774260402715 ], [ -0.636359956122285, 53.75859492349727 ], [ -0.633441406420984, 53.848448868183198 ] ] ] ] } },
{ "type": "Feature", "properties": { "licence_no": "PEDL5", "licence_orgs": "ANGUS ENERGY, HEYCO ENERGY, UNION JACK OIL " }, "geometry": { "type": "MultiPolygon", "coordinates": [ [ [ [ 0.17529347582908, 53.436450713467003 ], [ 0.11662873797494, 53.437504905267652 ], [ 0.117522212227476, 53.455469599394952 ], [ 0.137085776326807, 53.455121174679171 ], [ 0.137446734082446, 53.462306943400229 ], [ 0.190046967504409, 53.461354140775775 ], [ 0.190307994101071, 53.461100048081555 ], [ 0.20099129411036, 53.445204248733219 ], [ 0.205186061879589, 53.440397664344481 ], [ 0.175522931692303, 53.440941721403469 ], [ 0.17529347582908, 53.436450713467003 ] ] ], [ [ [ 0.178095398159905, 53.37346667332821 ], [ 0.102994671927209, 53.374813708205409 ], [ 0.087973806396577, 53.375077448402635 ], [ 0.088633253152073, 53.388551364457584 ], [ 0.090085909129047, 53.418193852121064 ], [ 0.105121943778427, 53.417929699513017 ], [ 0.180298503100055, 53.416580558356756 ], [ 0.178783257941126, 53.38693980283665 ], [ 0.178095398159905, 53.37346667332821 ] ] ], [ [ [ 0.075943459858671, 53.35955428736905 ], [ 0.012124895290454, 53.360647462592937 ], [ 0.013183787425748, 53.383105089387094 ], [ 0.077035883326084, 53.382011024389811 ], [ 0.075943459858671, 53.35955428736905 ] ] ] ] } },
{ "type": "Feature", "properties": { "licence_no": "PEDL169", "licence_orgs": "HEYCO ENERGY, INFINIS ENERGY, STAR ENERGY  " }, "geometry": { "type": "MultiPolygon", "coordinates": [ [ [ [ -1.095179704759233, 53.58316586573148 ], [ -1.019666993610002, 53.582571106571613 ], [ -1.020912387764715, 53.528649066182211 ], [ -0.975663641936295, 53.528270080743845 ], [ -0.976529929982446, 53.492322264752453 ], [ -1.097093426869182, 53.493293578501181 ], [ -1.095179704759233, 53.58316586573148 ] ] ] ] } },
{ "type": "Feature", "properties": { "licence_no": "PEDL130", "licence_orgs": "INFINIS ENERGY" }, "geometry": { "type": "MultiPolygon", "coordinates": [ [ [ [ -1.02972100506341, 53.142192853445252 ], [ -1.029518453167302, 53.151180505015617 ], [ -1.014567985406133, 53.151057768256159 ], [ -1.014773657281717, 53.142070156550211 ], [ -1.02972100506341, 53.142192853445252 ] ] ] ] } },
{ "type": "Feature", "properties": { "licence_no": "PEDL180", "licence_orgs": "EUROPA OIL AND GAS, HEYCO ENERGY, UNION JACK OIL " }, "geometry": { "type": "MultiPolygon", "coordinates": [ [ [ [ -0.567416536666095, 53.555538315822211 ], [ -0.567188849462078, 53.562277444426229 ], [ -0.59737422972628, 53.562635192752865 ], [ -0.596853794012016, 53.578359998135419 ], [ -0.491168689097131, 53.577073829879396 ], [ -0.491967966463688, 53.554610856884779 ], [ -0.567416536666095, 53.555538315822211 ] ] ] ] } },
{ "type": "Feature", "properties": { "licence_no": "PEDL139", "licence_orgs": "HEYCO ENERGY, STAR ENERGY  " }, "geometry": { "type": "MultiPolygon", "coordinates": [ [ [ [ -1.097093426869182, 53.493293578501181 ], [ -0.946390187383234, 53.492060438469487 ], [ -0.948611283317462, 53.402190755487503 ], [ -1.098996862287108, 53.403419883648716 ], [ -1.097093426869182, 53.493293578501181 ] ] ] ] } },
{ "type": "Feature", "properties": { "licence_no": "PEDL140", "licence_orgs": "HEYCO ENERGY, STAR ENERGY  " }, "geometry": { "type": "MultiPolygon", "coordinates": [ [ [ [ -0.948611283317462, 53.402190755487503 ], [ -0.946390187383234, 53.492060438469487 ], [ -0.795698950294598, 53.490637333460135 ], [ -0.7974394131003, 53.429079927733781 ], [ -0.815463071710553, 53.430428582857488 ], [ -0.839228136216407, 53.431021421901789 ], [ -0.882775179475946, 53.42918935002951 ], [ -0.88587589422858, 53.408453673693288 ], [ -0.881392220973507, 53.40733308113321 ], [ -0.873335027766163, 53.404830305077311 ], [ -0.873422855836977, 53.401505184041028 ], [ -0.873660141558447, 53.392518360600931 ], [ -0.843591984892933, 53.392230972271378 ], [ -0.843414156480514, 53.398791286464991 ], [ -0.814717061933936, 53.392307422975094 ], [ -0.798526161950563, 53.390527572253518 ], [ -0.799754278898633, 53.346852554561245 ], [ -0.859826321392492, 53.347441512503863 ], [ -0.85958651483589, 53.356428361296906 ], [ -0.919673250210273, 53.356987267998527 ], [ -0.920807904413801, 53.312051971516944 ], [ -0.950820463290603, 53.312319647072215 ], [ -0.948611283317462, 53.402190755487503 ] ] ] ] } },
{ "type": "Feature", "properties": { "licence_no": "PEDL209", "licence_orgs": "BRITNRG, HEYCO ENERGY, STELINMATVIC INDUSTRIES, UNION JACK OIL " }, "geometry": { "type": "MultiPolygon", "coordinates": [ [ [ [ -0.795698950294598, 53.490637333460135 ], [ -0.645021430570057, 53.489024299846371 ], [ -0.646585646599747, 53.439871167489436 ], [ -0.676835944701833, 53.435355870258434 ], [ -0.685126354059857, 53.434997947453944 ], [ -0.691939420075742, 53.433724364342417 ], [ -0.695189373822822, 53.43573752532938 ], [ -0.696390501235097, 53.435840530029743 ], [ -0.702891470091919, 53.434922483944298 ], [ -0.702773824202398, 53.433842505966069 ], [ -0.70383537520971, 53.433584353416734 ], [ -0.704374428596174, 53.435657709878917 ], [ -0.706035222238754, 53.435495926823087 ], [ -0.711146262800697, 53.435730960442875 ], [ -0.712664696805999, 53.435297874567816 ], [ -0.714927381413293, 53.435142452474835 ], [ -0.71719546212392, 53.434807262414267 ], [ -0.719302220345316, 53.434829866250837 ], [ -0.722021696719231, 53.434499423050426 ], [ -0.725652081145766, 53.433908964032597 ], [ -0.73048619167248, 53.433331192996008 ], [ -0.733501101206312, 53.433183411181275 ], [ -0.736418817338766, 53.431236697290849 ], [ -0.73779701730664, 53.430442244481817 ], [ -0.742519890559307, 53.428514442474416 ], [ -0.745867083048152, 53.427291151060707 ], [ -0.750729158669842, 53.425724053573823 ], [ -0.754807135641959, 53.425227284290102 ], [ -0.755113287699199, 53.425050692618285 ], [ -0.7974394131003, 53.429079927733781 ], [ -0.795698950294598, 53.490637333460135 ] ] ] ] } },
{ "type": "Feature", "properties": { "licence_no": "EXL269", "licence_orgs": "A J LUCAS, CUADRILLA RESOURCES" }, "geometry": { "type": "MultiPolygon", "coordinates": [ [ [ [ -2.851878402145899, 53.808260818877947 ], [ -2.912612820740933, 53.807813935315252 ], [ -2.913590390973944, 53.852747752379621 ], [ -2.852790953653074, 53.85319536766206 ], [ -2.851878402145899, 53.808260818877947 ] ] ], [ [ [ -2.835800677968159, 53.763432662039776 ], [ -2.911637898569054, 53.762879767147652 ], [ -2.957138978535665, 53.762525006094037 ], [ -2.958060048718278, 53.802965250778129 ], [ -2.91251520952103, 53.803320534299679 ], [ -2.851787283104106, 53.80376734477683 ], [ -2.851514074207877, 53.790286901499741 ], [ -2.836336707865089, 53.790393747759346 ], [ -2.835800677968159, 53.763432662039776 ] ] ] ] } },
{ "type": "Feature", "properties": { "licence_no": "PEDL182", "licence_orgs": "EUROPA OIL AND GAS, HEYCO ENERGY, UNION JACK OIL " }, "geometry": { "type": "MultiPolygon", "coordinates": [ [ [ [ -0.596853794012016, 53.578359998135419 ], [ -0.596109460996593, 53.600823927577444 ], [ -0.565896879507201, 53.60046568282452 ], [ -0.566049029886984, 53.595972962749649 ], [ -0.547168501436401, 53.595745224535818 ], [ -0.547322612192585, 53.59125253792098 ], [ -0.528444345200828, 53.591021859168727 ], [ -0.52875644302247, 53.582036550087629 ], [ -0.491008704167992, 53.581566413298361 ], [ -0.491168689097131, 53.577073829879396 ], [ -0.596853794012016, 53.578359998135419 ] ] ] ] } },
{ "type": "Feature", "properties": { "licence_no": "PL235", "licence_orgs": "ANGUS ENERGY, BROCKHAM CAPITAL, TERRAIN ENERGY" }, "geometry": { "type": "MultiPolygon", "coordinates": [ [ [ [ -0.348952071409862, 51.220443137753577 ], [ -0.338933168754128, 51.220301356585189 ], [ -0.338803752690277, 51.223896601117566 ], [ -0.335941001254081, 51.223855929542367 ], [ -0.335746492809676, 51.229248783938317 ], [ -0.32858880775263, 51.229146779223086 ], [ -0.328491112998606, 51.23184319457561 ], [ -0.282680255448634, 51.231179939623964 ], [ -0.279817135021017, 51.231137891082277 ], [ -0.279951180479118, 51.227542760370596 ], [ -0.269931093543259, 51.22739505800984 ], [ -0.270166971289374, 51.221103606311736 ], [ -0.28304820115152, 51.221293309446466 ], [ -0.28314851377077, 51.218596952513664 ], [ -0.297460319768284, 51.218806051576365 ], [ -0.297559781650379, 51.216109673227066 ], [ -0.304715331209609, 51.216213556736719 ], [ -0.304847366394415, 51.21261837017844 ], [ -0.312002401751239, 51.212721803131814 ], [ -0.312068130805922, 51.210924202323604 ], [ -0.319222930179554, 51.211027191403382 ], [ -0.319255653009048, 51.210128387480452 ], [ -0.34930568427156, 51.210556152832552 ], [ -0.348952071409862, 51.220443137753577 ] ] ] ] } },
{ "type": "Feature", "properties": { "licence_no": "PEDL165", "licence_orgs": "A J LUCAS, CUADRILLA RESOURCES, SPIRIT ENERGY" }, "geometry": { "type": "MultiPolygon", "coordinates": [ [ [ [ -2.756731736894632, 53.584190512475793 ], [ -2.907764497937013, 53.583139580883014 ], [ -3.05878685817549, 53.581898032912058 ], [ -3.061039422859883, 53.671764769063678 ], [ -3.061084598478856, 53.673562089266952 ], [ -3.060841749613605, 53.673535717469377 ], [ -3.059405284495884, 53.674112904505492 ], [ -3.057466318590359, 53.674605384634937 ], [ -3.056270973491532, 53.674823894282376 ], [ -3.054277458352297, 53.675138551696278 ], [ -3.050793547616678, 53.675882192049698 ], [ -3.047308048019271, 53.676566321634205 ], [ -3.044672865009677, 53.677242933079661 ], [ -3.042881463987022, 53.677644764774676 ], [ -3.04070079707574, 53.678495580037819 ], [ -3.039161634705787, 53.678984286034535 ], [ -3.038379451500148, 53.67973378971574 ], [ -3.037639963183286, 53.680185832182225 ], [ -3.03674673351607, 53.680490655618868 ], [ -3.035456134508633, 53.680917743716726 ], [ -3.034728992385213, 53.681558818739276 ], [ -3.033449816198944, 53.682461243189501 ], [ -3.031769544461228, 53.683337399192382 ], [ -3.030585994888835, 53.684060695189117 ], [ -3.028907772946006, 53.685025926486311 ], [ -3.027676970843162, 53.685868449663431 ], [ -3.026992996230542, 53.686557704019833 ], [ -3.027006011545871, 53.687092416753423 ], [ -3.027369339732979, 53.687624129823213 ], [ -3.027625362759656, 53.687859628408127 ], [ -3.027634045387793, 53.688216105236251 ], [ -3.027985086302997, 53.688242803391745 ], [ -3.028380388190163, 53.688031419505236 ], [ -3.02877351329271, 53.687730924677432 ], [ -3.029073782883543, 53.687728344561897 ], [ -3.029128907559659, 53.68793585504492 ], [ -3.02938928193163, 53.688349590913262 ], [ -3.029528540991833, 53.687902708529563 ], [ -3.029873063488128, 53.687662044980065 ], [ -3.030713676344689, 53.687238838255553 ], [ -3.031297516738165, 53.686550419539977 ], [ -3.031739196030596, 53.686190068591443 ], [ -3.032589211509762, 53.686153024847002 ], [ -3.033489994560979, 53.686145253624652 ], [ -3.033303642067593, 53.686711403310618 ], [ -3.032772065828406, 53.687488514951824 ], [ -3.032284690310631, 53.688027542032486 ], [ -3.031750173101091, 53.688685823705562 ], [ -3.032397871213268, 53.688561390783974 ], [ -3.031714648382299, 53.689280382158053 ], [ -3.031377394787725, 53.689818111743818 ], [ -3.031532616769135, 53.690024764379487 ], [ -3.032038191924069, 53.69022839238206 ], [ -3.032103500213423, 53.690851793000888 ], [ -3.032267461565312, 53.691414920664471 ], [ -3.03253443246334, 53.692096004899497 ], [ -3.033103899861761, 53.69286361838865 ], [ -3.033612428431873, 53.693186070199758 ], [ -3.033812636795754, 53.693184341974217 ], [ -3.033956961040957, 53.692945395099841 ], [ -3.034189747799332, 53.692230282354274 ], [ -3.034377568640372, 53.691723547113256 ], [ -3.034776504903269, 53.691660678002002 ], [ -3.034984732130245, 53.691985713162687 ], [ -3.035000037902541, 53.692609544359023 ], [ -3.035264144516335, 53.693171802353298 ], [ -3.035386118534127, 53.694062123281995 ], [ -3.035603105385176, 53.69474363279906 ], [ -3.035976102818217, 53.695661493146901 ], [ -3.036137936845486, 53.696135494603091 ], [ -3.036437544791043, 53.696103190753377 ], [ -3.036474458249807, 53.69556804722329 ], [ -3.036205211808307, 53.694797852335853 ], [ -3.03629801675705, 53.694499920514474 ], [ -3.036811700724186, 53.695030298360813 ], [ -3.037181796031154, 53.695829335197324 ], [ -3.037262186452577, 53.695026397281325 ], [ -3.03705174447515, 53.694612246111234 ], [ -3.037146003949534, 53.694373728941692 ], [ -3.037643610684752, 53.694250567851959 ], [ -3.037027643362591, 53.693631940102186 ], [ -3.036305738535407, 53.69277653055159 ], [ -3.035525802561565, 53.69159477289665 ], [ -3.034901880132201, 53.690649368296931 ], [ -3.034631966428191, 53.689849464001405 ], [ -3.034762440382293, 53.689046094387365 ], [ -3.034494716003426, 53.688335309957054 ], [ -3.034486703735281, 53.688008538881974 ], [ -3.034879793922268, 53.68770801869001 ], [ -3.03550220416772, 53.688594014221287 ], [ -3.035424456079917, 53.687465609175717 ], [ -3.035301035100554, 53.686515871909492 ], [ -3.035628743298265, 53.685591950218345 ], [ -3.03616025252098, 53.684814825934168 ], [ -3.036791090273374, 53.684007127804087 ], [ -3.03768379058811, 53.683672554212883 ], [ -3.037824417230824, 53.683285072184489 ], [ -3.038115884687899, 53.68292599358211 ], [ -3.038893850800231, 53.681998157490185 ], [ -3.039337612514799, 53.681726893675872 ], [ -3.039541424975115, 53.681873686382431 ], [ -3.039606829464431, 53.682497083309755 ], [ -3.03932342579154, 53.683182936351457 ], [ -3.040877593533226, 53.683288281413496 ], [ -3.042929230887875, 53.683270429127397 ], [ -3.044382599183252, 53.683346900802029 ], [ -3.045945620712817, 53.683808660597109 ], [ -3.046956754554272, 53.684215798752689 ], [ -3.047216542517892, 53.684599790521752 ], [ -3.046771328064618, 53.684811673549383 ], [ -3.046223083063229, 53.684905604444559 ], [ -3.048037868653334, 53.685424559749357 ], [ -3.049452352572751, 53.685946996708623 ], [ -3.049158745411991, 53.68621698237196 ], [ -3.050264135849933, 53.686385565448568 ], [ -3.051281294401718, 53.687030321408798 ], [ -3.052641382302568, 53.687374919662979 ], [ -3.053451742722199, 53.687754056798923 ], [ -3.054312161151888, 53.688132747754608 ], [ -3.054921623493184, 53.688483932352376 ], [ -3.05557816728664, 53.688715848102163 ], [ -3.057291652150598, 53.689176134259128 ], [ -3.05860926660176, 53.689818169736512 ], [ -3.060034321154009, 53.690548144967948 ], [ -3.061523055743439, 53.690996065697249 ], [ -3.062004985135175, 53.710137431746034 ], [ -3.061146470648213, 53.710562060477663 ], [ -3.059784645272041, 53.711330474024159 ], [ -3.054994972461528, 53.713106064065272 ], [ -3.054369440963553, 53.713584292874344 ], [ -3.053789928368811, 53.713778484288731 ], [ -3.052735521370608, 53.71410289959308 ], [ -3.051166461954383, 53.715093635193462 ], [ -3.049643391739728, 53.715800312372423 ], [ -3.047859379341195, 53.716698344286876 ], [ -3.04644398622482, 53.717467072223258 ], [ -3.045448028409298, 53.718011517563433 ], [ -3.044238778756891, 53.718526299751289 ], [ -3.043823191373091, 53.718908098982361 ], [ -3.041809294938567, 53.719114717059156 ], [ -3.040231245697985, 53.719758722486752 ], [ -3.039075779990969, 53.720304499165231 ], [ -3.038660904876417, 53.720717788215836 ], [ -3.03903586543129, 53.7208405935109 ], [ -3.037660105098032, 53.721073124191861 ], [ -3.035435915018708, 53.72137599877032 ], [ -3.033796820406971, 53.721705303601205 ], [ -3.034385051799084, 53.721857796926166 ], [ -3.033432675925094, 53.72202358817264 ], [ -3.03168034932275, 53.722070212449346 ], [ -3.029125765650417, 53.721903095461911 ], [ -3.026575039598896, 53.721893467626572 ], [ -3.023655510497996, 53.722012994531795 ], [ -3.019730402703834, 53.722298591082485 ], [ -3.016920114291977, 53.722543080485522 ], [ -3.014058184201397, 53.722850974829115 ], [ -3.011510425527086, 53.722967057662238 ], [ -3.008857910191574, 53.723146996892211 ], [ -3.005992107360337, 53.723297159936102 ], [ -3.00328942112737, 53.723603453637274 ], [ -3.001385848325774, 53.723997556683557 ], [ -2.999110340323525, 53.724394731960288 ], [ -2.996684349783364, 53.725171285482723 ], [ -2.995471325476987, 53.725559546622883 ], [ -2.993304905934259, 53.726081760902197 ], [ -2.991136959011408, 53.726540920187837 ], [ -2.988860475271413, 53.726906388265 ], [ -2.987277617021255, 53.727392160364971 ], [ -2.985751540171273, 53.728035020023079 ], [ -2.983797410892832, 53.728555314237788 ], [ -2.982157625415335, 53.728883909808893 ], [ -2.979827801884949, 53.729249648088199 ], [ -2.978293503353028, 53.729545813654994 ], [ -2.977131114629057, 53.729838932073385 ], [ -2.975745962197451, 53.729692651647177 ], [ -2.974463433762617, 53.72938794486857 ], [ -2.973238434021237, 53.729271846761243 ], [ -2.971320506100842, 53.729066808811446 ], [ -2.968820313617292, 53.728960997996239 ], [ -2.965838303010034, 53.728701450425838 ], [ -2.962695489571365, 53.728380087606453 ], [ -2.960457428818057, 53.728114420228891 ], [ -2.957469082205868, 53.727571084054794 ], [ -2.954325709786214, 53.727217992652797 ], [ -2.951660559230272, 53.726861026350207 ], [ -2.949157702586521, 53.726628765638907 ], [ -2.946818503932505, 53.726584248688454 ], [ -2.944216480642794, 53.726667813834965 ], [ -2.941455053248742, 53.726752575275896 ], [ -2.939227735622479, 53.726959147945898 ], [ -2.93620271165122, 53.727140396446437 ], [ -2.932117811504595, 53.727455881122559 ], [ -2.929201763689739, 53.727762160353727 ], [ -2.927611238684898, 53.727932056311737 ], [ -2.927915776424332, 53.729694499056869 ], [ -2.930092935367715, 53.729614588036902 ], [ -2.932427406575449, 53.7294388713456 ], [ -2.934975793488143, 53.729324462192224 ], [ -2.935711985359104, 53.728972060964644 ], [ -2.938681893816702, 53.72869670997013 ], [ -2.942766166468246, 53.728349498254644 ], [ -2.946006607943028, 53.728292433829978 ], [ -2.947655872282944, 53.728373946077973 ], [ -2.94882693578858, 53.728459218618902 ], [ -2.949408568406246, 53.728328554621967 ], [ -2.951587746359791, 53.728342778570045 ], [ -2.953608249083498, 53.728389740065175 ], [ -2.955365225583404, 53.728533311351065 ], [ -2.957232775941876, 53.728865062874419 ], [ -2.959259756792597, 53.729195503437566 ], [ -2.960381332145692, 53.729438634929245 ], [ -2.961239395899586, 53.729778412610159 ], [ -2.961833947682655, 53.73021484212682 ], [ -2.962476617127932, 53.730430278668727 ], [ -2.963174590148201, 53.730739814625153 ], [ -2.964453463404038, 53.730887095962871 ], [ -2.966103584384677, 53.730999856424035 ], [ -2.96722018216414, 53.731022360749833 ], [ -2.968234845238309, 53.731234768100606 ], [ -2.968827315603906, 53.731576632484817 ], [ -2.9688869841698, 53.731859781521848 ], [ -2.969900950066068, 53.732040661015574 ], [ -2.971177706110652, 53.732093345869963 ], [ -2.972395518086806, 53.731894383384166 ], [ -2.973775633086146, 53.731820145467218 ], [ -2.975580846646393, 53.731742430705246 ], [ -2.976961690552596, 53.731699664152003 ], [ -2.978177990465722, 53.73143762153591 ], [ -2.979552227110045, 53.731111252598893 ], [ -2.981251126806971, 53.731034316022573 ], [ -2.981830489155302, 53.730808970882414 ], [ -2.983110897888326, 53.731019068869166 ], [ -2.984919741769362, 53.731098759180192 ], [ -2.986724901624117, 53.731020871313817 ], [ -2.988046661020444, 53.73072635091377 ], [ -2.988621545545326, 53.73031191978928 ], [ -2.988353644658626, 53.730219588035524 ], [ -2.987720461096826, 53.730413894577865 ], [ -2.987500526052835, 53.730100566921529 ], [ -2.987811215122158, 53.729751345240594 ], [ -2.988242201169093, 53.729999908845905 ], [ -2.988926300305393, 53.729710631519815 ], [ -2.989822184286029, 53.729388086503661 ], [ -2.991141646626621, 53.728999008310311 ], [ -2.99229870879443, 53.728485198913781 ], [ -2.992871293248637, 53.727976223718017 ], [ -2.993556813730869, 53.727749936043189 ], [ -2.995356601820413, 53.727451368702759 ], [ -2.996573407967249, 53.727220648180804 ], [ -2.998218239668849, 53.727112411363009 ], [ -2.999333243754994, 53.727071601142001 ], [ -3.001082076775993, 53.726867914943739 ], [ -3.005162623117514, 53.726392542691649 ], [ -3.009192210881729, 53.726012002855448 ], [ -3.012213030401893, 53.725671369267737 ], [ -3.014974222811101, 53.725584978196942 ], [ -3.018317538319478, 53.725399033931055 ], [ -3.022351484666663, 53.725207104229369 ], [ -3.02622678647352, 53.725047906474394 ], [ -3.029784054715661, 53.724922837263641 ], [ -3.033285855282332, 53.724703598092226 ], [ -3.037268094013531, 53.72457464009743 ], [ -3.039603365072564, 53.724459848431003 ], [ -3.042680053139465, 53.72424402282951 ], [ -3.045331701207108, 53.724031827814493 ], [ -3.04850988277069, 53.723625875377643 ], [ -3.048463029410841, 53.723878399759194 ], [ -3.050325587738274, 53.723988146159208 ], [ -3.053886625601926, 53.724019899107915 ], [ -3.05627731153916, 53.723998842965585 ], [ -3.057814019679042, 53.723827706083583 ], [ -3.05960841801509, 53.723339132569834 ], [ -3.062312986722097, 53.722359115268162 ], [ -3.063304205379543, 53.761630082001091 ], [ -3.064436652104382, 53.806382477260556 ], [ -3.06436602554711, 53.806591711619099 ], [ -3.063593922685903, 53.80701341896885 ], [ -3.062993828759316, 53.807097952947423 ], [ -3.062663333979193, 53.807259307241893 ], [ -3.062800138773723, 53.807376910571257 ], [ -3.063337342195582, 53.807451360112985 ], [ -3.06367585725829, 53.807606782387126 ], [ -3.063817680201037, 53.807922373747218 ], [ -3.063763820338953, 53.808437734815207 ], [ -3.063850774940969, 53.809229087119121 ], [ -3.063871836614401, 53.810060632825873 ], [ -3.063896911262642, 53.811050562067337 ], [ -3.064051789241874, 53.811880920149072 ], [ -3.064078876452322, 53.8129500489975 ], [ -3.063896210620976, 53.813664580692112 ], [ -3.063577701893075, 53.814301104639171 ], [ -3.063261188756769, 53.815016822233872 ], [ -3.063283245765556, 53.815887961819769 ], [ -3.063040652136448, 53.81688026878642 ], [ -3.063063708622981, 53.817791008126541 ], [ -3.063081753660289, 53.818503758420555 ], [ -3.063089773926137, 53.818820536300315 ], [ -3.062628366700977, 53.819101865916501 ], [ -3.063841929209807, 53.81944756400776 ], [ -3.063846945545263, 53.81964554738137 ], [ -3.063597323216865, 53.820360677123013 ], [ -3.063151936188204, 53.821275564269449 ], [ -3.063174998794536, 53.822186302904903 ], [ -3.062924347744903, 53.822861825696123 ], [ -3.06254384652961, 53.8236969282041 ], [ -3.062434045454449, 53.82464844702163 ], [ -3.062466115105309, 53.825915557394026 ], [ -3.062442285134704, 53.82761883214922 ], [ -3.062474358518685, 53.828885941886639 ], [ -3.062631283987769, 53.8297954935177 ], [ -3.062785208380088, 53.8305862505741 ], [ -3.062803257136449, 53.831298999402023 ], [ -3.062836348610097, 53.832605708077537 ], [ -3.062859413929634, 53.83351644507443 ], [ -3.062820547210667, 53.834625758122129 ], [ -3.062910563211291, 53.835535901536353 ], [ -3.062932629503793, 53.836407038221665 ], [ -3.062962721773937, 53.837594951668272 ], [ -3.062796976985464, 53.838982632964466 ], [ -3.062835092953965, 53.840487322704121 ], [ -3.062867193298958, 53.841754429544203 ], [ -3.062888260554816, 53.842585970977673 ], [ -3.062790461722035, 53.844012652207091 ], [ -3.062961502412111, 53.845476559699243 ], [ -3.062997626359523, 53.846902053622827 ], [ -3.063154635836584, 53.847811601493333 ], [ -3.062912868248896, 53.848843498178937 ], [ -3.062799003856663, 53.849636625531062 ], [ -3.062752108446813, 53.850429159390231 ], [ -3.062369355121779, 53.851185064700857 ], [ -3.062237622208828, 53.851523626403527 ], [ -3.061970266299862, 53.852215835116567 ], [ -3.061447006385825, 53.853338795411219 ], [ -3.061075430841334, 53.854227428428381 ], [ -3.061171912487494, 53.854925529966607 ], [ -3.060714445786654, 53.855535340443708 ], [ -3.060881466576962, 53.855906639844576 ], [ -3.060519283391197, 53.857167963728273 ], [ -3.060227629325611, 53.858102484529375 ], [ -3.059773647379728, 53.858852047714166 ], [ -3.05955724179623, 53.859646108769489 ], [ -3.058864449434162, 53.860304581680985 ], [ -3.0583339610279, 53.861148009464756 ], [ -3.058197505365805, 53.861987959990039 ], [ -3.057374061344309, 53.863719310875261 ], [ -3.057164635763391, 53.864792885501927 ], [ -3.056548192445431, 53.865357481460251 ], [ -3.05682106104855, 53.866799588022303 ], [ -3.056285745480808, 53.867456657468537 ], [ -3.055766851655269, 53.868765940738214 ], [ -3.055251444895372, 53.870214977970022 ], [ -3.054896010464224, 53.87175580678749 ], [ -3.05435825808096, 53.872319693034967 ], [ -3.053888789288274, 53.872463609976336 ], [ -3.054382168392632, 53.872894113474466 ], [ -3.054639832851261, 53.873730801093338 ], [ -3.054892815422456, 53.874381095496162 ], [ -3.05500100049093, 53.875545360681649 ], [ -3.054851498939086, 53.875872934001308 ], [ -3.054544279365235, 53.876201893255264 ], [ -3.055119752886515, 53.8771290029932 ], [ -3.0550631879944, 53.878015060231554 ], [ -3.055157305348899, 53.878620142019336 ], [ -3.054870013891673, 53.879741269473428 ], [ -3.054432011481717, 53.88114337608728 ], [ -3.054138821254108, 53.882031511130407 ], [ -3.054084575506888, 53.88301076345963 ], [ -3.053627760173408, 53.883667292186288 ], [ -3.053238087071604, 53.883857146220443 ], [ -3.053335707725044, 53.884602023127073 ], [ -3.053194363366672, 53.885255780566943 ], [ -3.053369691409011, 53.88595337241388 ], [ -3.053389614089678, 53.886745539343615 ], [ -3.053258810316478, 53.887818679066498 ], [ -3.053052633431242, 53.889032304771696 ], [ -3.052933530572337, 53.890571424099257 ], [ -3.052808562191403, 53.891877558309808 ], [ -3.053071004533646, 53.892900638323802 ], [ -3.05349358727028, 53.894015528673513 ], [ -3.053438142314829, 53.894948180933035 ], [ -3.052988220444395, 53.895884294486926 ], [ -3.052848006848845, 53.896584653934063 ], [ -3.052871442910137, 53.897516613511058 ], [ -3.05320579042306, 53.89825941217984 ], [ -3.0535342867836, 53.898769219999188 ], [ -3.05355070389002, 53.899421591336377 ], [ -3.053572985284829, 53.900306952317187 ], [ -3.053913233903312, 53.901282738182871 ], [ -3.054325363806179, 53.901978247722127 ], [ -3.054586735802718, 53.902954724339672 ], [ -3.054776255619565, 53.904211480973089 ], [ -3.054809135724565, 53.905516221861163 ], [ -3.054995151054052, 53.906633183913058 ], [ -3.055283593434541, 53.908681414249664 ], [ -3.05539659137996, 53.910032057947113 ], [ -3.055329420951928, 53.910498730174766 ], [ -3.055023129519643, 53.910874287785724 ], [ -3.054768742315362, 53.910177400765079 ], [ -3.054426050576935, 53.909108423464524 ], [ -3.053779438368468, 53.908508195220421 ], [ -3.053396573682581, 53.908977637320248 ], [ -3.053489569536036, 53.909536119241345 ], [ -3.053818159674266, 53.910045924906449 ], [ -3.054072530250783, 53.910742814033838 ], [ -3.054239767531253, 53.911114210723696 ], [ -3.05385923166237, 53.911676849876976 ], [ -3.053953413973861, 53.912281934424271 ], [ -3.054130047648377, 53.9130261138544 ], [ -3.054517637761808, 53.912743060923084 ], [ -3.054917555821112, 53.913319953794492 ], [ -3.055403927830288, 53.91382823765305 ], [ -3.055092994934919, 53.914017359811076 ], [ -3.05518600348665, 53.914575698356593 ], [ -3.054562938467607, 53.914907353920412 ], [ -3.054578202955452, 53.915512972974142 ], [ -3.054922028891955, 53.916628269297433 ], [ -3.05495492038872, 53.917932686081848 ], [ -3.054971367179303, 53.918584897085026 ], [ -3.054574440671379, 53.918495189986352 ], [ -3.054901854860591, 53.918958280121075 ], [ -3.05554378409081, 53.919372007302478 ], [ -3.055556714376983, 53.91988445742345 ], [ -3.055571996028774, 53.92049007577824 ], [ -3.05439756572025, 53.920873168027583 ], [ -3.054721482217264, 53.921196497696108 ], [ -3.054973519348683, 53.921800041254549 ], [ -3.055218521641441, 53.922124062984345 ], [ -3.054830940735869, 53.922407046513101 ], [ -3.054281987328662, 53.922551659844025 ], [ -3.053721294383278, 53.922230407376844 ], [ -3.053168820505511, 53.922235254993147 ], [ -3.052629242258252, 53.92275255042523 ], [ -3.052639793633866, 53.923171826965316 ], [ -3.053208702302396, 53.923819187079836 ], [ -3.053539664246382, 53.924422040996987 ], [ -3.053640892139061, 53.925306482318121 ], [ -3.054526753074362, 53.925997656868653 ], [ -3.055564633312727, 53.926454502768955 ], [ -3.056213744207004, 53.927147740694238 ], [ -3.057173903596435, 53.927651853623338 ], [ -3.058532309536009, 53.928292234598082 ], [ -3.05918031838592, 53.928938869165961 ], [ -3.059674578140611, 53.929336761203217 ], [ -3.05929276352473, 53.929852818780333 ], [ -3.059384707680366, 53.93036469600451 ], [ -3.059949237576268, 53.930825794180215 ], [ -3.060589195821829, 53.931146399379692 ], [ -3.061002919527429, 53.93188847281008 ], [ -3.061654733279727, 53.932675047927674 ], [ -3.061920028149026, 53.933791300053464 ], [ -3.061862363430477, 53.934630754351666 ], [ -3.061403934818365, 53.935240711616693 ], [ -3.060951405359642, 53.936083654900223 ], [ -3.060662713242298, 53.937158189179726 ], [ -3.060142991171802, 53.938467802299321 ], [ -3.059782373694656, 53.939822622114548 ], [ -3.059577331355657, 53.941082846468333 ], [ -3.059493641235934, 53.941430644187363 ], [ -3.020805997241864, 53.941765746478289 ], [ -3.020302927852544, 53.941156663293079 ], [ -3.01954136061914, 53.940539183277977 ], [ -3.019152981023002, 53.93991853722315 ], [ -3.019144929330593, 53.939588281880837 ], [ -3.019326141488014, 53.939366522546273 ], [ -3.018375353402666, 53.938640538762726 ], [ -3.017928397798505, 53.938167192364837 ], [ -3.017920356293041, 53.937836936799933 ], [ -3.017407639684232, 53.937217333524046 ], [ -3.016967842240585, 53.937037547649531 ], [ -3.016335234954028, 53.936602466513918 ], [ -3.016323638290934, 53.936125428515567 ], [ -3.016063296800478, 53.935650500999593 ], [ -3.015735412630461, 53.934955917496467 ], [ -3.015593215036831, 53.934223069104583 ], [ -3.015702429165087, 53.933598196582466 ], [ -3.015999092731984, 53.933008442410276 ], [ -3.015797385998312, 53.932386205550337 ], [ -3.01528298667449, 53.931693203766656 ], [ -3.01395847812407, 53.930933634636013 ], [ -3.012197867879012, 53.930141029123504 ], [ -3.011004915933506, 53.929673943465765 ], [ -3.009382052900608, 53.929430676892224 ], [ -3.008317929458399, 53.929145998511139 ], [ -3.006872801032494, 53.928534177066282 ], [ -3.005922485584271, 53.927808085830449 ], [ -3.005283958896853, 53.927116081454315 ], [ -3.004647089985028, 53.926440331153337 ], [ -3.004128601656602, 53.925563891809418 ], [ -3.003609254704529, 53.924650752881597 ], [ -3.003405152976538, 53.923918472623335 ], [ -3.003327145672974, 53.923258536357004 ], [ -3.00367899647566, 53.922374818355003 ], [ -3.004220838631653, 53.921636300887229 ], [ -3.004766196287584, 53.921044547635034 ], [ -3.004450099668575, 53.920826998284973 ], [ -3.003777786556719, 53.921309714463376 ], [ -3.002925122612279, 53.922050821399971 ], [ -3.002315814014476, 53.922569701865029 ], [ -3.001748442491222, 53.922244140395293 ], [ -3.001488373956735, 53.921769222502959 ], [ -3.001349997579528, 53.921183186521134 ], [ -3.001523301880757, 53.920631255176836 ], [ -3.002009153528276, 53.920150108011931 ], [ -3.002369798553562, 53.919633310629528 ], [ -3.002605240444206, 53.919080853239457 ], [ -3.002832760456797, 53.918198175301569 ], [ -3.003175791462627, 53.916947529912505 ], [ -3.003279862549451, 53.916102581324459 ], [ -3.003443441253762, 53.91514703240788 ], [ -3.00335929234088, 53.914230252943732 ], [ -3.003114475453673, 53.913150462592796 ], [ -3.003097761372147, 53.912453248455741 ], [ -3.003446044091767, 53.911422659109064 ], [ -3.004162810748322, 53.910205474738973 ], [ -3.004752599105414, 53.908879234831218 ], [ -3.005284608412056, 53.907736992989413 ], [ -3.005388623516839, 53.906891954362777 ], [ -3.005047058098752, 53.905610213692263 ], [ -3.00483067508453, 53.90436412861478 ], [ -3.004429647155786, 53.903192991967167 ], [ -3.00401984064143, 53.90165489741343 ], [ -3.003447398584541, 53.901109142260047 ], [ -3.002804939504002, 53.900233638647173 ], [ -3.002725221953165, 53.899500244766706 ], [ -3.001968191403176, 53.899029433746918 ], [ -3.001278570428653, 53.898778267100163 ], [ -3.001103577586569, 53.899256865146022 ], [ -3.00142741171034, 53.899804705878303 ], [ -3.000425357660773, 53.899482736836752 ], [ -2.999726108322815, 53.898827907044122 ], [ -2.999273653345179, 53.8980976204125 ], [ -2.998391655477593, 53.897354912251743 ], [ -2.998181702625998, 53.896365987564749 ], [ -2.998032124217165, 53.89530317832795 ], [ -2.997566771559183, 53.894022842157014 ], [ -2.997102321390458, 53.892779190284145 ], [ -2.996572299897679, 53.891389316811015 ], [ -2.99539669740773, 53.891582530674931 ], [ -2.995791995045888, 53.892533229242254 ], [ -2.995993145518228, 53.893155315780454 ], [ -2.995757810119454, 53.89370764203359 ], [ -2.995897726988046, 53.894366930386262 ], [ -2.996596624244091, 53.895021572907083 ], [ -2.996672708234792, 53.895608008268894 ], [ -2.995287111739581, 53.894812293163426 ], [ -2.995559092537752, 53.895800708378282 ], [ -2.996139034634279, 53.896676491604389 ], [ -2.997096039492038, 53.897732597926804 ], [ -2.998174695856657, 53.898677609278181 ], [ -2.99912040757967, 53.899256807698592 ], [ -2.999888576005651, 53.900204387844738 ], [ -3.000835222976151, 53.900820253321079 ], [ -3.001650650141619, 53.901143673051365 ], [ -3.00216515895963, 53.901873209224426 ], [ -3.002625825810945, 53.903134663470659 ], [ -3.003026802780244, 53.904305806381451 ], [ -3.003488189414961, 53.905403039068332 ], [ -3.00344715720979, 53.906284248774668 ], [ -3.003659109772815, 53.90734686084437 ], [ -3.003435157040392, 53.908376412414214 ], [ -3.002890777858954, 53.909004912284189 ], [ -3.002659764270567, 53.909740900812025 ], [ -3.002239663075286, 53.910368353929627 ], [ -3.001737181885779, 53.910152331624431 ], [ -3.00100015628893, 53.910525508983859 ], [ -3.000334034789803, 53.911265120099031 ], [ -3.000113497912735, 53.912441448681122 ], [ -3.00019669654349, 53.913321620929104 ], [ -2.999964744864978, 53.914020906759383 ], [ -2.999426367501115, 53.914906260661219 ], [ -2.999442145319108, 53.915566778068843 ], [ -2.998964956003126, 53.916172849936601 ], [ -2.999165395624324, 53.916758247135213 ], [ -2.999307200231622, 53.91749089562488 ], [ -2.999077908255129, 53.918300014470617 ], [ -2.999105067049157, 53.919437219459716 ], [ -2.999005307884427, 53.920465405060618 ], [ -2.998839012718585, 53.921310692348371 ], [ -2.998797883205599, 53.922191626184883 ], [ -2.99881715437083, 53.922998675682244 ], [ -2.99927586728905, 53.923985525370632 ], [ -2.999798512837808, 53.925045222560918 ], [ -3.000505019017336, 53.925993310152023 ], [ -3.001271951666163, 53.926867513421982 ], [ -3.001415586448583, 53.927673524910631 ], [ -3.001626660736693, 53.928699118573256 ], [ -3.001765035415131, 53.929285023379308 ], [ -3.002747268666167, 53.928763147275468 ], [ -3.003753260425827, 53.929231730024576 ], [ -3.005316056617783, 53.929585568996181 ], [ -3.006762517677527, 53.930270583527317 ], [ -3.008209016806421, 53.930955580426541 ], [ -3.010020579131301, 53.931307269391482 ], [ -3.011398798165307, 53.931735963780589 ], [ -3.012157885621601, 53.932343531050662 ], [ -3.012301793158684, 53.933149777978883 ], [ -3.012330223351114, 53.934324026496498 ], [ -3.012725568988718, 53.935238260541702 ], [ -3.012353324386896, 53.935278103920069 ], [ -3.012750457577158, 53.936265726152129 ], [ -3.013584705940598, 53.937323067000094 ], [ -3.014170244303213, 53.938382502829533 ], [ -3.01507211423652, 53.939659477873334 ], [ -3.015905607288405, 53.940680104472193 ], [ -3.016998116154908, 53.941798055548411 ], [ -2.915553514506761, 53.942614333717742 ], [ -2.76322553706546, 53.94367910062212 ], [ -2.717525321661144, 53.943960867048332 ], [ -2.716140083855309, 53.863077044216226 ], [ -2.609709154048948, 53.863665156047034 ], [ -2.609578456838716, 53.854677802913685 ], [ -2.60827537887419, 53.764803514077606 ], [ -2.606979345031533, 53.674927847094217 ], [ -2.605690304091059, 53.585050800736546 ], [ -2.756731736894632, 53.584190512475793 ] ], [ [ -2.835800677968159, 53.763432662039776 ], [ -2.836336707865089, 53.790393747759346 ], [ -2.851514074207877, 53.790286901499741 ], [ -2.851787283104106, 53.80376734477683 ], [ -2.91251520952103, 53.803320534299679 ], [ -2.958060048718278, 53.802965250778129 ], [ -2.957138978535665, 53.76252500609403 ], [ -2.911637898569054, 53.762879767147652 ], [ -2.835800677968159, 53.763432662039776 ] ], [ [ -2.851878402145899, 53.808260818877947 ], [ -2.852790953653074, 53.85319536766206 ], [ -2.913590390973944, 53.852747752379621 ], [ -2.912612820740933, 53.807813935315252 ], [ -2.851878402145899, 53.808260818877947 ] ] ] ] } },
{ "type": "Feature", "properties": { "licence_no": "PEDL253", "licence_orgs": "HEYCO ENERGY, MONTROSE INDUSTRIES, UNION JACK OIL " }, "geometry": { "type": "MultiPolygon", "coordinates": [ [ [ [ -0.226956380513327, 53.393655923010797 ], [ -0.196896162825474, 53.393205700695503 ], [ -0.04660759674068, 53.390841127236705 ], [ -0.04866169830182, 53.345924209907807 ], [ -0.0636738071184, 53.346168777610387 ], [ -0.064487603769475, 53.328201740961724 ], [ -0.109506332306576, 53.328923648439215 ], [ -0.109903459074372, 53.319939871656921 ], [ -0.124906982438854, 53.320176657446289 ], [ -0.125300749471069, 53.311192787981469 ], [ -0.140301337514757, 53.311427611389092 ], [ -0.140691748181706, 53.30244364991939 ], [ -0.185685327062442, 53.303136581894528 ], [ -0.185304352523767, 53.312120768787153 ], [ -0.200305768865704, 53.312348050116356 ], [ -0.199927737140269, 53.321332295443092 ], [ -0.214932503846267, 53.321557764441614 ], [ -0.21380664269698, 53.348510627716479 ], [ -0.228821063802529, 53.348734428727333 ], [ -0.226956380513327, 53.393655923010797 ] ] ] ] } },
{ "type": "Feature", "properties": { "licence_no": "EXL253", "licence_orgs": "HEYCO ENERGY, INFINIS ENERGY" }, "geometry": { "type": "MultiPolygon", "coordinates": [ [ [ [ -2.604152614223959, 53.477196522616453 ], [ -2.604280375348545, 53.486184455109822 ], [ -2.590717906269971, 53.486252285396844 ], [ -2.590593010958843, 53.477264330795123 ], [ -2.604152614223959, 53.477196522616453 ] ] ] ] } },
{ "type": "Feature", "properties": { "licence_no": "PL179", "licence_orgs": "STAR ENERGY  " }, "geometry": { "type": "MultiPolygon", "coordinates": [ [ [ [ -0.543677417380901, 53.367375126110005 ], [ -0.586945491298873, 53.367895155133567 ], [ -0.586832488935343, 53.371309784868636 ], [ -0.575158888343255, 53.383306699318311 ], [ -0.578024017913994, 53.387565864433434 ], [ -0.565548562776824, 53.387416633377427 ], [ -0.565790159796911, 53.380228022652091 ], [ -0.558276144242572, 53.38013751900322 ], [ -0.558427879924114, 53.37564464722103 ], [ -0.550914695449845, 53.375553685579121 ], [ -0.551067180428639, 53.371060824898805 ], [ -0.543554827004786, 53.370969405420134 ], [ -0.543677417380901, 53.367375126110005 ] ] ], [ [ [ -0.555168834523042, 53.249752185263453 ], [ -0.553804917586574, 53.290188698773648 ], [ -0.57629966659051, 53.290459327583015 ], [ -0.575701862657854, 53.308431191097299 ], [ -0.57510341655298, 53.326402995441732 ], [ -0.507263442587212, 53.325573556326042 ], [ -0.507890361059999, 53.307602291539716 ], [ -0.508360108407264, 53.294123803824021 ], [ -0.501161351447278, 53.294033559708154 ], [ -0.434424751554054, 53.293176243179744 ], [ -0.433931739013809, 53.306654268428794 ], [ -0.433273771161368, 53.324624916140742 ], [ -0.349984260944397, 53.323502093645622 ], [ -0.350677175545605, 53.305532176274028 ], [ -0.352924019302995, 53.247129525268534 ], [ -0.502731986459114, 53.249105171715357 ], [ -0.555168834523042, 53.249752185263453 ] ] ] ] } },
{ "type": "Feature", "properties": { "licence_no": "PL81", "licence_orgs": "CUADRILLA RESOURCES, HEYCO ENERGY " }, "geometry": { "type": "MultiPolygon", "coordinates": [ [ [ [ -0.652846498963211, 54.190227043333728 ], [ -0.622205021272791, 54.189880511626953 ], [ -0.469007725994504, 54.188030984970368 ], [ -0.432243007753815, 54.18755811875009 ], [ -0.444131709476161, 54.115804575645768 ], [ -0.450059763797395, 54.079926949410044 ], [ -0.472978291706291, 54.080220019571648 ], [ -0.503536957574421, 54.080603990480121 ], [ -0.5022427343032, 54.116541721380131 ], [ -0.532828516171937, 54.116918426845615 ], [ -0.532193570977083, 54.134887450708163 ], [ -0.623994703588278, 54.135971656220313 ], [ -0.654596401669469, 54.13631750578142 ], [ -0.652846498963211, 54.190227043333728 ] ] ] ] } },
{ "type": "Feature", "properties": { "licence_no": "PL233", "licence_orgs": "STAR ENERGY  " }, "geometry": { "type": "MultiPolygon", "coordinates": [ [ [ [ -1.440242540889963, 51.112952822536215 ], [ -1.429957499573318, 51.112903160993554 ], [ -1.429514740630024, 51.148869516077923 ], [ -1.28655925166414, 51.148085249942682 ], [ -1.287251247453929, 51.103128521335975 ], [ -1.315814083901243, 51.103299078089009 ], [ -1.315816737508333, 51.103119249373918 ], [ -1.350039428896981, 51.10709113504852 ], [ -1.410465357237553, 51.072971146178617 ], [ -1.410196834916841, 51.094101479552087 ], [ -1.430187374171821, 51.094200567249381 ], [ -1.44046826655553, 51.094250195841475 ], [ -1.440242540889963, 51.112952822536215 ] ] ] ] } },
{ "type": "Feature", "properties": { "licence_no": "CE1", "licence_orgs": "THE CHATSWORTH ESTATES COMPANY" }, "geometry": { "type": "MultiPolygon", "coordinates": [ [ [ [ -1.379364821720131, 53.17474883987969 ], [ -1.378447614473933, 53.176101405823822 ], [ -1.377957573106587, 53.176880896009273 ], [ -1.374926555824195, 53.176451541546903 ], [ -1.374082748691625, 53.176860609104764 ], [ -1.377408970775274, 53.177570187786941 ], [ -1.376997605069722, 53.178080413604391 ], [ -1.374356675079578, 53.177572181971584 ], [ -1.373371216393407, 53.177432169057923 ], [ -1.37349748667253, 53.178008131758958 ], [ -1.373328331624159, 53.178321858991957 ], [ -1.372978590143314, 53.178706548393897 ], [ -1.372481587854351, 53.178928658719208 ], [ -1.372399961490546, 53.179395659160022 ], [ -1.37502262255902, 53.180137553070288 ], [ -1.374610550362734, 53.180692712041804 ], [ -1.371823020674474, 53.179967918427053 ], [ -1.371365760264627, 53.180540806188695 ], [ -1.37055478841962, 53.180743273968311 ], [ -1.369536579122719, 53.18079182646548 ], [ -1.368807659146534, 53.180500319042451 ], [ -1.368424983282914, 53.180066817725077 ], [ -1.367031551966321, 53.180194261235236 ], [ -1.365730004465622, 53.18017835276612 ], [ -1.364785152570973, 53.180326134503993 ], [ -1.363748395367407, 53.180617242893433 ], [ -1.363168205119367, 53.180389418063669 ], [ -1.362644405499885, 53.18039560715912 ], [ -1.361857425649965, 53.179986888955462 ], [ -1.361321605163401, 53.179795248816191 ], [ -1.359780551758052, 53.179786980655386 ], [ -1.359075076088397, 53.179936002765075 ], [ -1.357925304006725, 53.179777000310402 ], [ -1.356323733104857, 53.179813306637222 ], [ -1.355664880734838, 53.179845702718779 ], [ -1.354770415464944, 53.179625126408261 ], [ -1.354635888319393, 53.180613193575162 ], [ -1.354459705574035, 53.181385297667369 ], [ -1.356227429691459, 53.182248818566755 ], [ -1.356028610357311, 53.182535393975662 ], [ -1.356647763604606, 53.183158981826551 ], [ -1.354137361502317, 53.183918462532482 ], [ -1.353045190526095, 53.183903550142716 ], [ -1.353304524654452, 53.184570146860153 ], [ -1.353552010717686, 53.185029930660811 ], [ -1.352962078860022, 53.185449214619425 ], [ -1.351610609304114, 53.185756486822235 ], [ -1.350010169515764, 53.185702824487485 ], [ -1.349105272827731, 53.186165316582048 ], [ -1.347497729431302, 53.186579012056832 ], [ -1.346589919272807, 53.18723023906 ], [ -1.346132792048216, 53.187767074808463 ], [ -1.345620582378298, 53.187988989884985 ], [ -1.345273251397913, 53.188193830476912 ], [ -1.344837087945726, 53.18833525850529 ], [ -1.344515158258794, 53.188836874917882 ], [ -1.344643402735929, 53.189260065087318 ], [ -1.344434880810983, 53.190175800591042 ], [ -1.345781753655401, 53.190183200728427 ], [ -1.346724781438368, 53.191159189114927 ], [ -1.347585148637848, 53.191667287482836 ], [ -1.347413021632168, 53.192160742230833 ], [ -1.350117355293515, 53.191483361662179 ], [ -1.350435166094132, 53.191251379077151 ], [ -1.351270258631385, 53.191453685793732 ], [ -1.351693479244332, 53.193163904811101 ], [ -1.352169557364532, 53.195341838553752 ], [ -1.352480285207831, 53.196575023675976 ], [ -1.352866140893063, 53.197790637517066 ], [ -1.355728114845003, 53.197599392584429 ], [ -1.35595090165752, 53.198715235300348 ], [ -1.354559528744223, 53.198662764722656 ], [ -1.352420019587796, 53.198588237967876 ], [ -1.351015994267552, 53.198382843835269 ], [ -1.350213580032033, 53.198980737242636 ], [ -1.349594438152852, 53.199336921691355 ], [ -1.350407243839876, 53.20003350848247 ], [ -1.350222320114082, 53.200383072515848 ], [ -1.349772031684598, 53.200461518430942 ], [ -1.348409185445088, 53.200499021994418 ], [ -1.347525067840898, 53.200557109274641 ], [ -1.346237061249658, 53.200594997611653 ], [ -1.344250999816729, 53.200269473133815 ], [ -1.343159928433832, 53.200155597917671 ], [ -1.341303256431628, 53.200181309121177 ], [ -1.340133074211878, 53.200345628849867 ], [ -1.339808927594066, 53.200982055020944 ], [ -1.338255219554481, 53.201746496494771 ], [ -1.335747713431821, 53.202226947016669 ], [ -1.33323401595914, 53.203102827430463 ], [ -1.330532326952103, 53.203546126050654 ], [ -1.328855652960369, 53.204498524214522 ], [ -1.324818648536669, 53.206066785845806 ], [ -1.32063816548636, 53.20438006499861 ], [ -1.317774877546057, 53.204615406011243 ], [ -1.316220122522853, 53.204471662682195 ], [ -1.313901042645458, 53.20437743669325 ], [ -1.313985649941646, 53.203766669209031 ], [ -1.313929310707559, 53.202606759243061 ], [ -1.31343571205703, 53.201642090296929 ], [ -1.312247230921598, 53.200134069482623 ], [ -1.311564580882746, 53.198826717638127 ], [ -1.311934895718767, 53.198136699311341 ], [ -1.31286848579118, 53.19685665105505 ], [ -1.314497526904816, 53.195140133512425 ], [ -1.315286255978919, 53.194488466305216 ], [ -1.315486976623501, 53.194103090035213 ], [ -1.316730341682799, 53.194038311443869 ], [ -1.31742224419565, 53.192882688237674 ], [ -1.316781843938105, 53.19268126012075 ], [ -1.31731721599223, 53.191956214485579 ], [ -1.317250380192857, 53.191452444745906 ], [ -1.316939386694411, 53.191243914732389 ], [ -1.316830802229897, 53.190542146239203 ], [ -1.316564141504592, 53.190369825503019 ], [ -1.31677340059095, 53.18944515251426 ], [ -1.317098394261298, 53.187828984769233 ], [ -1.317410824588127, 53.186059929787021 ], [ -1.317539093090706, 53.185521320665934 ], [ -1.317820278646546, 53.18383298667586 ], [ -1.318182522921508, 53.181749596434621 ], [ -1.318457533115632, 53.180447754628318 ], [ -1.31887827987561, 53.178445597430567 ], [ -1.319099664387816, 53.176747927810041 ], [ -1.319438719447776, 53.175176776439343 ], [ -1.319722317412138, 53.173326645773926 ], [ -1.320061463700404, 53.171746503299453 ], [ -1.320148329559004, 53.170982926999905 ], [ -1.31451270440477, 53.17071692648684 ], [ -1.314913712238573, 53.169020295253951 ], [ -1.315272104550337, 53.167179591968257 ], [ -1.315549678872131, 53.165715964808363 ], [ -1.315621226461781, 53.164979270164054 ], [ -1.316559911087495, 53.165209384937747 ], [ -1.317531094544072, 53.164334020076737 ], [ -1.318270212010336, 53.163942730858238 ], [ -1.31866547241166, 53.163540482343613 ], [ -1.319493589972562, 53.163194639867555 ], [ -1.32097903478686, 53.162897484679966 ], [ -1.322719411479816, 53.162556814808426 ], [ -1.323426562414536, 53.162291159274737 ], [ -1.323567395373977, 53.160943594745028 ], [ -1.323573345698003, 53.159613242327381 ], [ -1.324436899691069, 53.158908002814123 ], [ -1.324595750742116, 53.158315622878362 ], [ -1.325115886583739, 53.157572474872957 ], [ -1.325306320949226, 53.156872403578269 ], [ -1.325689875701153, 53.156254326902882 ], [ -1.326368685659084, 53.155880624318378 ], [ -1.328916206532265, 53.155544424867813 ], [ -1.330582017319833, 53.155167264179489 ], [ -1.33161252082396, 53.155253951268072 ], [ -1.33276334987613, 53.155296357813342 ], [ -1.334224582440107, 53.155574204611689 ], [ -1.334193027195723, 53.157614553074893 ], [ -1.334121532769672, 53.158369237445392 ], [ -1.335281747019515, 53.157809402630413 ], [ -1.335946119964308, 53.156428786566707 ], [ -1.336941215757073, 53.154933149216035 ], [ -1.337383705553676, 53.154360308576365 ], [ -1.337840583144732, 53.153823502619488 ], [ -1.338260945771337, 53.154688791354332 ], [ -1.338512006348641, 53.155867756980143 ], [ -1.339029437896486, 53.156257159509941 ], [ -1.340638954902019, 53.155645829615061 ], [ -1.342568204502926, 53.154658700652021 ], [ -1.343348770984287, 53.154465244917056 ], [ -1.343657984457523, 53.154781566921699 ], [ -1.34526382696454, 53.154403870864947 ], [ -1.345612386623401, 53.154100156517316 ], [ -1.346614900183441, 53.15406071276405 ], [ -1.347438933393527, 53.153957359556927 ], [ -1.349126274767302, 53.154119403402511 ], [ -1.349633038112683, 53.154230039682844 ], [ -1.350439538216753, 53.154297362759422 ], [ -1.351540494320362, 53.154671912332574 ], [ -1.351580479682747, 53.154995737174126 ], [ -1.352467928354358, 53.155647777718031 ], [ -1.353345850841591, 53.155940196333091 ], [ -1.353281716619479, 53.156227499042359 ], [ -1.353272804847085, 53.156820730380737 ], [ -1.353686110043358, 53.157182536363408 ], [ -1.353419745329484, 53.157990108894261 ], [ -1.352969907026215, 53.158068568822408 ], [ -1.352823834026576, 53.158831847662974 ], [ -1.352891579694102, 53.159299647900419 ], [ -1.353069278029917, 53.159417470867268 ], [ -1.353469001590172, 53.159689312837536 ], [ -1.353732517904348, 53.160068283756218 ], [ -1.35371243486145, 53.160409759898442 ], [ -1.353947531555621, 53.160689696258146 ], [ -1.35460568733947, 53.160684273729871 ], [ -1.354967844451919, 53.16146828456823 ], [ -1.355716168549028, 53.162434164269186 ], [ -1.356797049933022, 53.163168118600581 ], [ -1.355888666394603, 53.16390031607186 ], [ -1.356660071172011, 53.164326969693697 ], [ -1.357218073719421, 53.165022139493551 ], [ -1.35753504138013, 53.165832865209225 ], [ -1.359433460435559, 53.166921773383713 ], [ -1.36052880914334, 53.16669394048985 ], [ -1.361638703388402, 53.166493142663612 ], [ -1.363441461854801, 53.166979206673808 ], [ -1.364745226685586, 53.167831135936645 ], [ -1.364795769502414, 53.168460639792528 ], [ -1.362743146552518, 53.169690171789966 ], [ -1.36206349915826, 53.170126999530673 ], [ -1.360211463859945, 53.170935075640131 ], [ -1.361511035546538, 53.173081441529966 ], [ -1.361264613642858, 53.17355654108988 ], [ -1.362405932792322, 53.173266013791292 ], [ -1.362574081882365, 53.173024208741467 ], [ -1.363547369557406, 53.172966487150831 ], [ -1.364223593794918, 53.172763348298822 ], [ -1.364779342014376, 53.172613497859665 ], [ -1.364979250662551, 53.172246011906751 ], [ -1.365883418544617, 53.171801373489963 ], [ -1.366262422296145, 53.17146180536151 ], [ -1.366787303197663, 53.171374704830917 ], [ -1.367030610348521, 53.171106325635598 ], [ -1.368794416660137, 53.171205571337921 ], [ -1.369675664586761, 53.171300126203469 ], [ -1.369729098808633, 53.170716120127082 ], [ -1.370441751049344, 53.170063685829625 ], [ -1.371907142767322, 53.170107374368705 ], [ -1.373193560936039, 53.170114147442042 ], [ -1.372732886746437, 53.170929727653757 ], [ -1.37246993818137, 53.171521620970331 ], [ -1.373076309675372, 53.172001232233143 ], [ -1.373613132982247, 53.172120912698979 ], [ -1.373923872599887, 53.172356260924566 ], [ -1.3744345741794, 53.17221511791481 ], [ -1.376119868685438, 53.172574525333701 ], [ -1.376849225413419, 53.172830034676529 ], [ -1.377380343770552, 53.171277704718221 ], [ -1.378365155491597, 53.171453637735965 ], [ -1.379067053387392, 53.171538198352771 ], [ -1.378653201497571, 53.173261939012335 ], [ -1.379353962520064, 53.173427393353641 ], [ -1.380129656378193, 53.173584244275482 ], [ -1.379364821720131, 53.17474883987969 ] ] ] ] } },
{ "type": "Feature", "properties": { "licence_no": "DL1", "licence_orgs": "EUROPA OIL AND GAS" }, "geometry": { "type": "MultiPolygon", "coordinates": [ [ [ [ -0.641861843446827, 53.587868393286534 ], [ -0.640996877609393, 53.614825565498997 ], [ -0.595662378582355, 53.614302241058788 ], [ -0.596556181369383, 53.587345580958548 ], [ -0.641861843446827, 53.587868393286534 ] ] ] ] } },
{ "type": "Feature", "properties": { "licence_no": "DL4", "licence_orgs": "STAR ENERGY  " }, "geometry": { "type": "MultiPolygon", "coordinates": [ [ [ [ -0.576850110640961, 51.213544614105992 ], [ -0.56969404535991, 51.213457373374723 ], [ -0.548226065592658, 51.213193026454071 ], [ -0.548084709212452, 51.217687533757221 ], [ -0.519458461998119, 51.217328889776297 ], [ -0.519227758389781, 51.224520002031603 ], [ -0.483440215297204, 51.224061736505703 ], [ -0.483587898681936, 51.219567365627569 ], [ -0.469274539635609, 51.219381026096393 ], [ -0.469661958190806, 51.207695721438988 ], [ -0.498281588677396, 51.208066496560754 ], [ -0.498398515489938, 51.204470965711501 ], [ -0.505552961047348, 51.204562554470002 ], [ -0.505698389960088, 51.200068122892823 ], [ -0.570083803315523, 51.200872614822046 ], [ -0.577237919816636, 51.200959816568776 ], [ -0.576850110640961, 51.213544614105992 ] ] ] ] } },
{ "type": "Feature", "properties": { "licence_no": "ML18", "licence_orgs": "STAR ENERGY  " }, "geometry": { "type": "MultiPolygon", "coordinates": [ [ [ [ -0.057137899541081, 51.206069540064057 ], [ -0.055631600545522, 51.207843121540058 ], [ -0.047286413457149, 51.222362764956401 ], [ -0.047227938820316, 51.227128084634799 ], [ 0.003615231047959, 51.227077920593452 ], [ 0.009343937649673, 51.227069617583737 ], [ 0.026605276437886, 51.202670392536994 ], [ 0.002575792242525, 51.203129152002653 ], [ -0.057213532843066, 51.204272190856933 ], [ -0.057137899541081, 51.206069540064057 ] ] ] ] } },
{ "type": "Feature", "properties": { "licence_no": "ML4", "licence_orgs": "STAR ENERGY  " }, "geometry": { "type": "MultiPolygon", "coordinates": [ [ [ [ -0.766326992825755, 53.387034757782267 ], [ -0.768570599848102, 53.387433980635464 ], [ -0.769893488168365, 53.387449403139584 ], [ -0.798526161950563, 53.390527572253518 ], [ -0.814717061933936, 53.392307422975094 ], [ -0.843414156480514, 53.398791286464991 ], [ -0.855122467458858, 53.401331153336088 ], [ -0.863751085194677, 53.403211370798601 ], [ -0.869756739890074, 53.403627918893015 ], [ -0.873335027766163, 53.404830305077311 ], [ -0.881392220973507, 53.40733308113321 ], [ -0.88587589422858, 53.408453673693288 ], [ -0.882775179475946, 53.42918935002951 ], [ -0.839228136216407, 53.431021421901789 ], [ -0.832519870236794, 53.430848184575268 ], [ -0.815463071710553, 53.430428582857488 ], [ -0.7974394131003, 53.429079927733781 ], [ -0.755113287699199, 53.425050692618285 ], [ -0.72800725131108, 53.405438405755142 ], [ -0.732513468983205, 53.400092803665203 ], [ -0.738299192725065, 53.393142503277332 ], [ -0.744975528352721, 53.390615402146267 ], [ -0.752151721859925, 53.38740820068162 ], [ -0.753248283966193, 53.387968012108395 ], [ -0.766326992825755, 53.387034757782267 ] ] ], [ [ [ -0.602826781103325, 53.369430496731887 ], [ -0.635557618213904, 53.370528237481267 ], [ -0.636115568376791, 53.371883013108466 ], [ -0.642850830724599, 53.386971924216162 ], [ -0.646221641620726, 53.394471304172569 ], [ -0.64793454174793, 53.397367282443085 ], [ -0.648689480117995, 53.399173683885465 ], [ -0.649709586472693, 53.401639916443138 ], [ -0.650119295186341, 53.403423558045695 ], [ -0.650058543710954, 53.406290693221045 ], [ -0.657052189436723, 53.406335432716837 ], [ -0.67010204716139, 53.406100878791364 ], [ -0.673696338329981, 53.406608574070383 ], [ -0.675636986399524, 53.407098934751644 ], [ -0.68495592946402, 53.408335622692171 ], [ -0.68744506404691, 53.408595972989197 ], [ -0.692785542426277, 53.408600224693068 ], [ -0.694392349691178, 53.408700017156072 ], [ -0.69536635722075, 53.408817175121229 ], [ -0.69633352444585, 53.409168678255703 ], [ -0.700203443057265, 53.409543748045856 ], [ -0.701118960761841, 53.423936425573451 ], [ -0.676835944701833, 53.435355870258434 ], [ -0.646585646599747, 53.439871167489436 ], [ -0.642050711123011, 53.440448951833282 ], [ -0.637356530680081, 53.441294425215666 ], [ -0.637408278864322, 53.439676953792699 ], [ -0.634994601293086, 53.439829184429001 ], [ -0.629576464380402, 53.430418336964159 ], [ -0.621739309580693, 53.42142879194656 ], [ -0.596830785764817, 53.41466646706867 ], [ -0.585572765413752, 53.39844275606351 ], [ -0.578024017913994, 53.387565864433434 ], [ -0.575158888343255, 53.383306699318311 ], [ -0.586832488935343, 53.371309784868636 ], [ -0.602826781103325, 53.369430496731887 ] ] ] ] } },
{ "type": "Feature", "properties": { "licence_no": "ML21", "licence_orgs": "STAR ENERGY  " }, "geometry": { "type": "MultiPolygon", "coordinates": [ [ [ [ -0.140402262495107, 51.207422580104158 ], [ -0.139315424467512, 51.234384038187279 ], [ -0.04841586924308, 51.232903424208864 ], [ -0.047227938820316, 51.227128084634799 ], [ -0.047286413457149, 51.222362764956401 ], [ -0.055631600545522, 51.207843121540058 ], [ -0.057137899541081, 51.206069540064057 ], [ -0.140402262495107, 51.207422580104158 ] ] ] ] } },
{ "type": "Feature", "properties": { "licence_no": "PL199", "licence_orgs": "BRITNRG, TERRAIN ENERGY" }, "geometry": { "type": "MultiPolygon", "coordinates": [ [ [ [ -0.676002621162965, 53.219692072412478 ], [ -0.675864049290765, 53.22418528519173 ], [ -0.660890041327482, 53.224017999759916 ], [ -0.661030179418111, 53.21952481416735 ], [ -0.66117027996281, 53.215031624908576 ], [ -0.653684898178579, 53.214947304315835 ], [ -0.654248054639157, 53.196974565398364 ], [ -0.676694923937804, 53.197225953596195 ], [ -0.676002621162965, 53.219692072412478 ] ] ] ] } },
{ "type": "Feature", "properties": { "licence_no": "PL241", "licence_orgs": "ANGUS ENERGY, BROCKHAM CAPITAL, TERRAIN ENERGY" }, "geometry": { "type": "MultiPolygon", "coordinates": [ [ [ [ -0.69534218725792, 50.819246978818761 ], [ -0.694966308238427, 50.832732238515526 ], [ -0.645280793378626, 50.832166027232532 ], [ -0.645670975391627, 50.818681037870043 ], [ -0.69534218725792, 50.819246978818761 ] ] ] ] } },
{ "type": "Feature", "properties": { "licence_no": "ML5", "licence_orgs": "PERENCO OIL & GAS" }, "geometry": { "type": "MultiPolygon", "coordinates": [ [ [ [ -2.154575612518236, 50.619603984769611 ], [ -2.151218906059816, 50.626353018271637 ], [ -2.14273778210428, 50.626813376596928 ], [ -2.126906066454796, 50.627731012681195 ], [ -2.085255213014553, 50.61967548533832 ], [ -2.085297619535664, 50.619675454205009 ], [ -2.06355148116022, 50.615462763289763 ], [ -2.063822436211173, 50.606829486772682 ], [ -2.065231358099539, 50.603771134028477 ], [ -2.065509084205496, 50.600263763842364 ], [ -2.06621164204637, 50.597475578279479 ], [ -2.067483110612916, 50.59738491717426 ], [ -2.067197962967377, 50.595586509781754 ], [ -2.067761539504089, 50.594507038056683 ], [ -2.068323391533664, 50.592258491308023 ], [ -2.068322850322105, 50.591886015892548 ], [ -2.067867508303466, 50.591878945513798 ], [ -2.064305208299908, 50.593696445465014 ], [ -2.063143008299059, 50.592354545501699 ], [ -2.065133808300962, 50.591237545531648 ], [ -2.064681408300969, 50.587376145636568 ], [ -2.061773408298794, 50.58341984574448 ], [ -2.061973008299243, 50.581454745797657 ], [ -2.057876308296012, 50.577293545911132 ], [ -2.055036108293518, 50.576447445934754 ], [ -2.142646782075425, 50.596786379566936 ], [ -2.163715254776862, 50.601605783751424 ], [ -2.154575612518236, 50.619603984769611 ] ] ] ] } },
{ "type": "Feature", "properties": { "licence_no": "ML6", "licence_orgs": "STAR ENERGY  " }, "geometry": { "type": "MultiPolygon", "coordinates": [ [ [ [ -1.03114074767766, 53.284952934071946 ], [ -1.000474342428449, 53.281373947243218 ], [ -0.987810926943105, 53.258704392281437 ], [ -0.985219464071393, 53.254187781946662 ], [ -0.981765731867478, 53.248135588102471 ], [ -0.982367227140841, 53.248050831006204 ], [ -1.02425227140955, 53.238333063010437 ], [ -1.026384111556494, 53.250036398289204 ], [ -1.028674331626301, 53.268033348367702 ], [ -1.028856060462958, 53.273248517422303 ], [ -1.028770519621043, 53.277023248273309 ], [ -1.030427500908393, 53.283329101385938 ], [ -1.03114074767766, 53.284952934071946 ] ] ] ] } },
{ "type": "Feature", "properties": { "licence_no": "ML3", "licence_orgs": "STAR ENERGY  " }, "geometry": { "type": "MultiPolygon", "coordinates": [ [ [ [ -0.931883041893214, 53.229091454769467 ], [ -0.922878707274666, 53.229729580927618 ], [ -0.899613243175735, 53.23149474684805 ], [ -0.873951616385521, 53.221726454579994 ], [ -0.823559119653037, 53.202272182221627 ], [ -0.826945143397945, 53.193406059338407 ], [ -0.835409238714956, 53.184859255559196 ], [ -0.84666866081826, 53.177957037556254 ], [ -0.917821027635026, 53.192647881723929 ], [ -0.92920775024384, 53.222235614459279 ], [ -0.929237699818991, 53.222235883481687 ], [ -0.931042597831412, 53.226746714344486 ], [ -0.931883041893214, 53.229091454769467 ] ] ] ] } },
{ "type": "Feature", "properties": { "licence_no": "PL240", "licence_orgs": "STAR ENERGY  " }, "geometry": { "type": "MultiPolygon", "coordinates": [ [ [ [ -0.795576115720433, 50.923742224245622 ], [ -0.785619124816751, 50.923639109245109 ], [ -0.785010256088235, 50.947013928291177 ], [ -0.720258835312086, 50.946322417955457 ], [ -0.720715235351842, 50.929690752893627 ], [ -0.666658405000918, 50.929086080281131 ], [ -0.66736465708914, 50.904363770853791 ], [ -0.721392868016376, 50.904967913941952 ], [ -0.722008069172303, 50.882492508694696 ], [ -0.796619388840226, 50.883285423915964 ], [ -0.795576115720433, 50.923742224245622 ] ] ] ] } },
{ "type": "Feature", "properties": { "licence_no": "ML7", "licence_orgs": "STAR ENERGY  " }, "geometry": { "type": "MultiPolygon", "coordinates": [ [ [ [ -0.837075481193472, 53.311265245512864 ], [ -0.834698185411, 53.321399862655284 ], [ -0.800482303732613, 53.320907994575819 ], [ -0.77271990814679, 53.320508816674156 ], [ -0.774563919776193, 53.310639570492086 ], [ -0.777682141509507, 53.293951482346856 ], [ -0.801222534716363, 53.294487016462895 ], [ -0.840807495201865, 53.29539062984972 ], [ -0.837075481193472, 53.311265245512864 ] ] ] ] } },
{ "type": "Feature", "properties": { "licence_no": "PL89", "licence_orgs": "NEO NEXT+ ENERGY, PERENCO OIL & GAS" }, "geometry": { "type": "MultiPolygon", "coordinates": [ [ [ [ -2.171314261854245, 50.709508190981524 ], [ -2.142989319735833, 50.709546434389061 ], [ -2.001363990482506, 50.70963443146276 ], [ -1.957743321569707, 50.709626881361693 ], [ -1.95111259082162, 50.684804432635922 ], [ -1.949843878497915, 50.679857894818589 ], [ -1.948999301652623, 50.679111732805097 ], [ -1.947578091732877, 50.676725365052313 ], [ -1.945579903200396, 50.67544809515136 ], [ -1.943271181319038, 50.674660009408186 ], [ -1.94096114058101, 50.6741657654633 ], [ -1.940346389838062, 50.673772721680763 ], [ -1.941276940994657, 50.672598957600819 ], [ -1.941745917680569, 50.671228381128444 ], [ -1.944071995426104, 50.668293938136202 ], [ -1.946862444225508, 50.66487051281117 ], [ -1.94857188918515, 50.661836878703944 ], [ -1.94950698134012, 50.65958548096318 ], [ -1.950905643467427, 50.657041045757204 ], [ -1.951354870962214, 50.655668026105232 ], [ -2.001362122358014, 50.655678055895756 ], [ -2.142825139476792, 50.655590226552818 ], [ -2.171117619663828, 50.655552056058511 ], [ -2.171314261854245, 50.709508190981524 ] ] ] ] } },
{ "type": "Feature", "properties": { "licence_no": "PEDL141", "licence_orgs": "ALTWOOD PETROLEUM, HEYCO ENERGY, INFINIS ENERGY" }, "geometry": { "type": "MultiPolygon", "coordinates": [ [ [ [ -2.135984257617825, 53.137076484256383 ], [ -2.091141011747089, 53.137119346670111 ], [ -2.091121938156473, 53.128130395455642 ], [ -2.07617728607645, 53.128140927018663 ], [ -2.076129474021427, 53.101173981114755 ], [ -2.061194160974888, 53.101182628612328 ], [ -2.061168552231, 53.083204590719482 ], [ -2.076097641893508, 53.083195948833463 ], [ -2.076065843769332, 53.0652178618638 ], [ -2.105911562499168, 53.065194975166747 ], [ -2.105933672367782, 53.074184018059583 ], [ -2.120859622364538, 53.074169763021345 ], [ -2.120884853226365, 53.083158787610074 ], [ -2.135813898911213, 53.083142655357378 ], [ -2.135984257617825, 53.137076484256383 ] ] ] ] } },
{ "type": "Feature", "properties": { "licence_no": "PL249", "licence_orgs": "STAR ENERGY  " }, "geometry": { "type": "MultiPolygon", "coordinates": [ [ [ [ -1.410473350797144, 51.072341730798144 ], [ -1.410465357237553, 51.072971146178617 ], [ -1.350039428896981, 51.10709113504852 ], [ -1.315816737508333, 51.103119249373918 ], [ -1.316145573235919, 51.080820444780713 ], [ -1.330420173757437, 51.080903041009904 ], [ -1.330485037377168, 51.076407290546889 ], [ -1.344758321518989, 51.076488131085569 ], [ -1.344821785691841, 51.071992364188652 ], [ -1.410473350797144, 51.072341730798144 ] ] ] ] } },
{ "type": "Feature", "properties": { "licence_no": "DL2", "licence_orgs": "STAR ENERGY  " }, "geometry": { "type": "MultiPolygon", "coordinates": [ [ [ [ -1.479954495331416, 51.113136082390106 ], [ -1.458527129981899, 51.113038876276299 ], [ -1.458264380915587, 51.135517982948762 ], [ -1.429680882109367, 51.135382159339422 ], [ -1.429957499573318, 51.112903160993554 ], [ -1.440242540889963, 51.112952822536215 ], [ -1.44046826655553, 51.094250195841475 ], [ -1.430187374171821, 51.094200567249381 ], [ -1.410196834916841, 51.094101479552087 ], [ -1.410244849969374, 51.09032500015585 ], [ -1.430233761307521, 51.090424074575296 ], [ -1.45878954115135, 51.090559681636172 ], [ -1.458632134965432, 51.104047208977157 ], [ -1.480055343445456, 51.104144384076093 ], [ -1.479954495331416, 51.113136082390106 ] ] ] ] } },
{ "type": "Feature", "properties": { "licence_no": "DL3", "licence_orgs": "EUROPA OIL AND GAS" }, "geometry": { "type": "MultiPolygon", "coordinates": [ [ [ [ -0.529458501308965, 53.343828175702313 ], [ -0.528839829343119, 53.361799505805067 ], [ -0.498797481628935, 53.361425442425826 ], [ -0.499428778223044, 53.343454355742473 ], [ -0.529458501308965, 53.343828175702313 ] ] ] ] } }
]
}
